id,name,description,category,owner name,location,Label1,Label2
2291087320960582,"2019臺南「張老師
」青少年自我挑戰營","【❤臺南張老師青少年自我挑戰營 熱烈招生中❤】 
這個暑假絕～不能錯過的優質營隊，
帶給您精心設計的
活動學習團隊精神、機智冒險、人際溝通，
解開青少年的特質密碼，發掘潛能，展現五力！
↓↓三人團體報名
即享八折優惠↓↓
《我要報名》https://is.gd/D3gGfJ

☎️若有任何疑問請洽承辦人
－許小姐06-2909143轉32
",人際交流,,臺南張老師中心,"中學(12歲~14歲), 高中(15歲~18歲)","中學(12歲~14歲), 高中(15歲~18歲)"
2292319830791031,"2019清大吉他營-
弦·吉逸致Summe
r Guitar c
amp",2019清大吉他營 GOGO,,"2019清大吉他營-
弦·吉逸致Summe
r Guitar c
amp","國立清華大學Nati
onal Tsing
 Hua Unive
rsity",大學(18歲~22歲),大學(18歲~22歲)
2295223424132574,"IMaker 仲夏星
空夜程式科學營","iMaker 仲夏星空夜程式科學營
2019年一起學習",手工藝、適合兒童參與,Maker 3DP,Maker 3DP,"小學(6歲~11歲), 中學(12歲~14歲)",小學(6歲~11歲)
2304016119655444,"Drama英文戲劇營
天生我材","雙語時代來臨，讓DRAMA英文戲劇營，幫助孩子在戲劇中學習英語，同時藉著戲劇，讓孩子增加表現力，又能
學習戲劇中各國文化，讓孩子輕輕鬆鬆學會美語。
",適合兒童參與,,雄雄夢想家,"
幼兒園(0歲~5歲), 小學(6歲~11歲)",小學(6歲~11歲)
2323251514600609,"你是我的英雄-汪汪隊
立大功之毛毛","《整個八月都是父親節》

八月份最重要的節日就是爸爸節了，
讓我們一起來玩爸̶爸̶吧！（誤～）

課
程二：
🚒你是我的英雄🚒-汪汪隊立大功之毛毛

學習重點🔑🔑🔑
☑️全身立體蛋糕裁切
☑️
側面狗嘴及臉部輪廓如何表現
☑️ 不失敗不黏手手塑型巧克力製作（示範）
☑️超立體消防帽及配件製作

☑️不走鐘五官定位

㊙️本課程難度較高，新手不怕，只要你願意，老師手把手指導

時間：
下午14:
00～17:00（或做完為止）

註：
1. 本課程以造型蛋糕製作為主，使用老師預先準備好的黃金戚風
蛋糕體及植物性鮮奶
2. 蛋糕體不示範不實作不提供配方
3. 為確保課程進行流暢，鮮奶油會事先打好，
課程中會口述說明
4. 任何相關疑問課中課後均可提出，老師提供該造型課後保固
5. 示範的塑型巧克力
會分享給學員帶回，到家就可練習

上課地點：
新北市新莊區龍安路

🅿️有收費停車場開車免煩惱
?
?捷運丹鳳站1號出口轉乘公車六站
🚕不開車不坐捷運不搭公車也有小黃

小班教學，
一人開課，
四人
額滿，
絕不流班。

歡迎私訊洽詢報名。",手工藝,,"Jw揪愛手工專賣~~
維尼手作~~","大學(18歲~22歲), 壯年(24-39歲), 中年(40-64歲)","幼兒園(0歲~5歲),小學(6歲~11歲)"
2331264903576345,"6/6-6/7邀請大
家一起為「立委蘇震清
（阿忠）龍舟隊」加油","為立法委員蘇震清龍舟隊加油
6/6賽程
13:30-14:00
立委蘇震清服務處vs四三砲",體育,"黃俊嵐「東港的事、我
們的事」",東港河堤,"壯年(24-39歲), 中年(40-64歲), 老年(65歲以上)","壯年(24-39歲), 中年(40-64歲)"
2335017076713470,幸福夫妻營,"激情可瞬間點燃、幸福卻無法自然
提昇夫婦幸福感，牽手來幸福滿滿
佳美幸福夫妻營，共創美美的未來

課
程內容：
愛的表達，原生家庭，男女特質，傾聽溝通，親暱與性，健康的界線，面對衝突，合一盟約，不入誘惑
，行動與計畫。",人際交流,"社團法人台灣佳美生命
建造協會","新竹國賓大飯店(30
060新竹市東區中華
路二段188號，03
-5151111)","壯年(24-39歲), 中年(40-64歲)","壯年(24-39歲), 中年(40-64歲), 老年(65歲以上)"
2338812246400300,暑期學生聯合研習營,"一年一度的暑期學生聯合研習營報名如火如荼地展開了，
如果還沒有報名的同修，儘速報名喔！
詳情請洽各德
建青班主任，
或與粉絲專頁洽詢。",宗教信仰,寶光建德天臺建青,六龜神威天台山,"中學(12歲~14歲), 高中(15歲~18歲)","中學(12歲~14歲), 高中(15歲~18歲)"
2342024109166171,"2019fun心玩暑
期營 - 人際關係學
習營","#請分享 👼牧區、慕道新朋友的爸爸媽媽，歡迎帶寶貝來參加
.
2019FUN心玩暑期營｜人際關係學
習營
.
人際不NG，玩出好關係
透過好玩的體驗活動，引導反思與討論，在聖經的教導中，學習與人想處的
能力。
.
▌升小三-升小六 ▌
營會時間：7/10 (三) ~ 7/12 (五)
　　　　　早上9
：00 ~ 下午17：00
參加對象：升國小三年級到升國小六年級學生
營會人數：40人 (額滿為止)

營會地點：新竹旌旗教會
.
.
.
★報名日期：4/20 (六) ~ 6/30 (日)
　　　　　
　下午１５：００起不受理報名
★報名階段及收費標準：
　　　　原價 $2300 元
　早鳥優惠價 $
1800 元；5/26 (日)前完成報名
　　　手足價 $1500 元／人；親手足須同時報名
持有中
低收入戶證明欲報名者，請洽聯絡窗口
費用包含：餐點／手冊／活動教材道具／師資／營會禮物
.
.
.

★退費原則
1. 於6/30 (日)前酌收報名費10%之行政手續費，逾期恕不退款亦無法保留。
2. 
手足價報名如其中一人退費，取消優惠價，參加者須以原價收費。
3. 退款方式以匯款優先，扣除手續費後退
款。
4. 如遇重大事故請事先告知，並於營會後一週內完成退款申請，逾期視同放棄退費。
.
.
.
?
? 詳情請見報名表或請洽行政辦公室
新竹市東區民權路266號2樓
聯繫窗口：婷婷姊妹☎️ 03-54
23843
.
#新竹旌旗教會
#兒童暑期營 #人際關係學習營
#請按讚 👍頌讚歸榮耀給阿爸天父，
我們的神吧!","人際交流、適合兒童參
與",新竹旌旗教會,新竹旌旗教會,小學(6歲~11歲),小學(6歲~11歲)
2346446332140308,"用九兔兔日_啵啵妮的
森林部防衛隊","園長號召森林部防衛隊，準備出動囉！我們的任務是了解森林生態、還有愛護家園的重要性，快跟著啵啵妮一起踏
上探險之旅吧！

啵啵樂園9月兔兔日邀請到擅長主題式教學、受樂園家長歡迎的◀瘋。塗鴉--阿寶老師▶藉
由📖樹懶的森林📖繪本故事引導，開發幼兒對於森林生態保育的認知，再邀請親子參與集體創作，用秋季色彩
種下一顆顆大樹，彷彿置身於啵啵妮與小動物們最愛的多彩森林中，歡迎一起來森~呼~吸~ 

🧡 亮點：
森林✖繪本✖創作
🧡 時間：9/22(日)15:30-16:30
🧡 年齡：3歲以上，歡迎親子共
同參與
🧡 費用：$322
🧡 地點：啵啵樂園一號基地
                 桃園市
桃園區中正路1202號(藝文特區旁)","園藝、適合兒童參與、
繪畫","Bo Bonny啵啵
樂園","Bo Bonny啵啵
樂園","幼兒園(0歲~5歲), 小學(6歲~11歲)","幼兒園(0歲~5歲), 小學(6歲~11歲)"
2310066632442842,"10/6 & 12/
15『悟寶兒童營』 
讓小朋友過一個充實又
好玩的悟寶營。","文山辦事處『悟寶兒童營』讓小朋友過一個充實又好玩的悟寶營。課程活潑有趣，歡迎廣邀，名額有限，敬請把握
！
【報名須知】敬請透過網路報名， 報名網址：https://bit.ly/2NdYix5 
洽詢電
話：孫美文師姐 0937017396
【報名對象】國小一、二、三年級學童
【活動日期】108/10/
06 (週日) 、 108/12/15 (週日)  二次課程
【活動時間】(13:30 pm報到、上
課時間:14:00 pm~17:00 pm) 
【活動地點】文山辦事處 (臺北市文山區和興路52巷9
-3號1樓) 電話: 02-2236-4380知客服務週一至五 9:00~12:00","遊戲、適合兒童參與、
志工服務",,法鼓山文山辦事處,小學(6歲~11歲),小學(6歲~11歲)
2317218908568503,"2020冬季表演藝術
營-第二梯次","《2020冬季表演藝術營》加開第二梯次摟！！
⭐️活動時間：2020.2.17(一)~2020.2.
21(五)
-
各位家長大家好，由於政府宣佈高中職以下學生延後至2月25日開學，事出突然許多家長煩惱
著孩子無人照顧，因應眾多家長熱烈要求，今年寒假表演藝術緊急加開第二梯次，課程內容和第一梯次不同，參加
過第一梯次的孩子也能一同參與，讓所有煩惱的雙薪家庭的家長不再煩惱孩子無人照顧～🎭
活動採精緻小班制
，不同於大班課人多易感染，小班制也都有兩個老師照顧，安全無需擔憂，並提供自行烹調之午餐，健康衛生又乾
淨，不訂自助餐便當的伙食。
現在就立刻幫孩子們報名吧！兩人同行另有優惠喔！
-
❗️❗️為因應武漢肺
炎之疫情，請家長配合以下規定：
1️⃣所有學童須準備至少五天份醫療口罩，學員除吃飯和午休之外，由老師
監督全程不可拿下口罩。
2️⃣每天課前請配合測量體溫，若學員體溫超過攝氏37.5度，請家長配合帶離教
室，並通報政府。
3️⃣活動開始前14天有至中國返國之學童請恕本中心無法受理您的報名，以防止疫情擴散
。
4️⃣本中心僅提供消毒酒精，口罩請自行準備，為維護其他學員之健康，若無配戴口罩之學員，本中心保有
限制入場之權利。
＊有出現任何發燒或呼吸道症狀請撥打免付費防疫專線1922通報。
-
【活動資訊】⬇
️⬇️
活動時間：2020年02月17日~02月21日。
報名時間：即日起 ~ 2020年2月15日
前。
招收對象：幼稚園至小學六年級喜愛藝術的孩子。
不需具備器樂演奏基礎（滿班15人）
費 用： $
 8,600（單日1800元，半日1200元，兩人以上報名優惠8000元/1人）
【官網網址】
ht
tps://www.viviannesalon.com/表演藝術營活動簡章.html
【報名連結】⬇
️⬇️
https://www.surveycake.com/s/2Qr34
",藝術、適合兒童參與,"歐洲音樂藝術中心/薇
薇安法式人文音樂沙龍
 Kunstzent
rum für eu
ropäische 
Musik/Salo
n Chez Viv
ianne","歐洲音樂藝術中心/薇
薇安法式人文音樂沙龍
 Kunstzent
rum für eu
ropäische 
Musik/Salo
n Chez Viv
ianne","小學(6歲~11歲), 中學(12歲~14歲)","小學(6歲~11歲), 中學(12歲~14歲),大學(18歲~22歲)"
2326667877612263,"台南兒童夏令營《復仇
者聯盟防身營》最終回","台南兒童夏令營《復仇者聯盟防身營》最終回7/8~12、8/12~16全日營【2,800元，限額30名
】
https://www.vovinam.tw/camp.html

《營隊上課地點》台南市北區重
興里活動中心
地址：臺南市北區東豐路451巷169號

《營隊集訓日》
第一梯次魔鬼營：7/08~7
/12 
第二梯次天使營：8/12~8/16 
星期一～星期五，共5天上午08:00-下午05:00
(45小時)

招收對象：暑假後升國小一年級至國小六年級
LINE@生活圈 ID：@vvntw

《
課程特色》
☆基礎防身武術及生活應用知識，結合數位媒體教學
☆籃球、排球、樂樂棒球......各式球
類體育團體
☆柔軟度、體、智、能強化雕塑，國際級獲獎教練親自指導
☆專業格鬥護具及防身術教學，快樂學
習，生活中能夠應用
☆點心豆花教練免費請客，下午茶不加價

推廣優惠成本價：2,800元/人 （包含
結訓證書、講師費用、活動器材使用費）

報名優惠雙重送：
【早早登記加贈】5/31以前完成報名及匯款
，加贈快速排汗T恤乙件。

【大家一起揪團】
二人同行95折
三人同行9折
四人同行9折加贈100元
課程抵用券",體育、適合兒童參與,台南越武道防身術,台南越武道防身術,小學(6歲~11歲),小學(6歲~11歲)
2326758997595248,"恩道陪讀班｜2019
暑期美語戲劇營","【2019暑期美語戲劇營】

【營隊主題】
恩道歡樂陪讀班舉辦的兒童營已經邁向第三年了！
今年主題 
- 「美語戲劇」
相信更讓父母、孩子們都好奇！
「老師與大哥大姐如何帶您的孩子愛上美語？」


【營
隊內容】
「美語」相信是許多孩子們的惡夢，不僅聽不懂、說不清，又沒有學習的成就感...
「暑期美語戲
劇營」能幫助解決您孩子的困擾

【四個撇步，讓孩子愛上美語】
☻美語戲劇：
透過戲劇呈現，讓您的孩子
在當中快樂學習「說」美語
♫歌曲歡唱：
音樂激發孩子對美語的興趣，「聽」不再是乏味的事
❦美食文化：

同時了解異國文化、動手學習烹飪，孩子可以從中「體會」樂趣
✂手繪傑作：
孩子可以自製所有道具，學習
「團隊」的合作與「手作」的靈感


【營隊資訊】
➤時間：7/15 - 7/26 週一至週五（8:3
0AM - 6:00PM）
➤對象：國小生（陪讀班孩子＆108學期新生優先）
➤名額：20名（報名人
數未滿5名，恕不開辦）

【外國師資】
➤Kara
加拿大人，目前任職於New World Engl
ish教師，來台教學經驗超過十年，教學活潑、富有創意，在教學方面對兒童的口說、聽力方面會非常有幫助是
各年齡層都可以教的老師。
➤Nic
目前任職於Lighthouse Tutoring英語專任教師，來
台教學經驗超過七年，在幼兒、國小生的領域特別專業，是非常擅長小班制的老師。


【孩子想報名！】
✔
報名專線：03-4335576 歐小姐
✔詢問／負責老師：李洲擎（大Ｂ老師）
✔主辦單位：桃園基督福
音教育協會/恩道歡樂陪讀班
✔截止日：7/10（並連絡家長是否報名成功）

【陪讀志工招募】
請洽粉
絲專頁、或聯繫負責老師
需面談了解情況，以大學生為優先

＊報名人數不斷增加，先搶先贏！
＊報名了嗎
？",,,中壢校區基督教會,小學(6歲~11歲),小學(6歲~11歲)
2334737470147767,"7/25、26 親子
探索營","親子天賦特質探索營
7/25（四）、7/26（五）

2019暢快夏日，帶著孩子前進探索生態與自我的
奇幻之旅吧！
這個暑假，一同聆聽南投山區的蟲鳴鳥叫
脫離3C的制約，酣暢淋漓的像個孩童般
享受在山溪
與星辰的懷抱之中
輕鬆找回和孩子間最舒暢的相處方式

報名即贈價值$1800的優勢潛質基礎檢測（含家
庭諮詢）

【活動主軸】
天賦特質發掘
身體動能啟發
生態藝術探索
人際關係協調

【費用】
課程為
公益回饋，僅活動食宿費用
活動人數有限，敬請儘早報名

$2800（含一大一小） 
每多一人＋$10
00
例》一家四口（父母＋2名孩子）＝ $2800 + $1000 + $1000

報名表填寫
h
ttps://forms.gle/GrHy1HRrpHWiuLLv5",適合兒童參與,"I S D 天賦潛能
開發學苑","I S D 天賦潛能
開發學苑","幼兒園(0歲~5歲), 小學(6歲~11歲)",小學(6歲~11歲)
2336084533139863,"108年暑期國小棒球
育樂營","感謝大家的熱烈支持與耐心等待
一年一度的暑期國小學生棒球育樂營又要開始報名囉!!

活動時間：
10
8年7月01日至05日
每天上午08：00至12：00止

參加對象為國小三、四、五年級男學童報名參
加
報名截止日為108年5月29日前
逕向棒委會報名【逾時不再受理報名】

報名地點：新北市體育總會
棒球委員會
三重區頂崁街225號
TEL：2983-6688　FAX：2986-7189
E-mai
l：ntcb.baseball@gmail.com
報名簡章可上Facebook社團檔案區下載
【社
團名稱：新北市暑期國小學生棒球育樂營(社團)】，
https://www.facebook.com/
groups/ntcb.baseball/files/

★報名完成之名單，將公布在粉絲專頁，請於6
/20後上粉絲專頁【新北市暑期國小學生棒球育樂營】查詢

★無論是傳真或E-mail，請於上班日上午
9時至下午6時，
務必要來電確認，謝謝！",體育,"新北市暑期國小學生棒
球育樂營",疏洪重新棒球場,小學(6歲~11歲),小學(6歲~11歲)
2343199522585611,宜蘭青溪國防體驗營,"北部地區後備指揮部於7月2日至7月5日，假宜蘭縣後備指揮部辦理「宜蘭青溪國防體驗營」，課程計參訪福山
植物園、海軍168艦隊、泰雅生活館參訪、古道巡禮、災防潛勢區、靈鷲山暨現地戰術、後備軍人輔導中心介紹
、山地作戰等課程，對象為國中應屆畢業生及各一般公(私)立高中(職)以上學校在學學生！
*年齡須滿15
足歲至32歲內*
內容豐富歡迎您的參加！",,宜蘭青溪國防體驗營,宜蘭後備指揮部,"中學(12歲~14歲), 高中(15歲~18歲)","中學(12歲~14歲), 高中(15歲~18歲)"
2357575497851118,"桃籽：2019青年公
共事務培力營","🍑 桃籽：2019青年公共事務培力營 🍑
　　
報名網址：https://forms.gle/M
kq6eQz5hPpXiH9D9
　　
公共事務是什麼？我們可以怎麼投入社會參與讓台灣變得更好？
　
　
青年是時代前進的動力，第二屆桃籽營更重視凝聚青年的力量，一起推動改變，迎向更好的未來。
　　
本
次舉辦的「桃籽：2019青年公共事務培力營」，邀請桃園市鄭文燦市長與立法院余宛如委員等政治人物，還有
熱血公民教師黃益中老師、知識型網紅Emmy hu胡采蘋大美女及台灣吧CEO DJ Hauer，和你交
換參與公共事務的心得與歷程。
　　
▲活動資訊 
活動時間：2019.08.30 (五) - 09.
01 (日)。
活動地點：住都大飯店（330桃園市桃園區桃鶯路398號）。
報名資格：對於公共事務有
興趣的大專院校及35歲以下的青年。
報名截止：即日起至7/15截止(額滿則提前結束)。
報名費用：1
,000元(含保證金，全程參與者退還)。
　　
▲注意事項：
 ※　報名審核通過會寄發錄取通知並說明
繳費方式。
 ※　活動集合與解散時間、地點將另行通知。
 ※　活動三天兩夜，需住宿。
 ※　主辦方有
審核學員報名資格之權限。
 ※　主辦方有變更課程及講師之權限。
 ※　相關疑問歡迎來信詢問。
　　

🎬2018桃籽營隊紀錄 https://www.facebook.com/taoyoanempow
erment/videos/968435616669270/
　　
▲主辦單位聯絡方式：
FB粉專：
桃力發展協進會　https://www.facebook.com/taoyoanempowermen
t/
信箱：taoyuanempowerment@gmail.com
電話：03-2866660
　
　
#講師陣容陸續解鎖中
#桃籽青年公共事務培力營
",人際交流,桃力發展協進會,住都大飯店,"大學(18歲~22歲), 壯年(24-39歲)","大學(18歲~22歲), 壯年(24-39歲)"
2357972624481209,"尼泊爾登山講座：安娜
普娜基地營","走進遙遠的尼泊爾山區，一窺喜馬拉雅山神秘的面貌。

6月21日 (五) 17:00在恆春鎮上的肥春號
咖啡館，將舉辦一場主題十分有意思的講座，講者朵米將與大家分享去年秋天獨自一人至尼泊爾喜馬拉雅山區攀登
安娜普娜基地營的故事，內容包含分享如何準備前往尼泊爾登山、在山上需要注意的事情、以及實際攀登的艱辛過
程，機會非常難得，對登山有興趣、或者想前往尼泊爾旅行的朋友千萬不要錯過了！

尼泊爾是聞名世界的山之
國，國土面積有四分之三全是高海拔山地，包含珠穆朗瑪峰，世界十大高峰之中，有八座都在尼泊爾，這是因為雪
白綿長的喜馬拉雅山脈西起巴基斯坦、東至不丹，中間恰好橫跨過尼泊爾，因此聚集了來自世界各地熱愛登山的旅
人，是許多愛爬山的人夢想有天要造訪的國度。

當地的登山產業發達，無論是當日來回、或者需要費時數週的
健行路線都有，本次將就其中一條十分受歡迎、海拔4130m的「安娜普娜基地營」路線來分享。

當日入場
僅需低消一杯飲料，不需報名，也不需額外費用，不過因為咖啡廳座位數有限，怕搶不到位置的朋友建議提早入場
喲～

【講者簡介】

朵米，職業旅遊記者，熱愛戶外活動，曾帶狗至日本公路旅行三個月，出版『跟你一起
看風景・一人一犬的公路冒險』：https://is.gd/qNUWub。

-粉絲頁：https:/
/www.facebook.com/onebackpack/
-部落格：http://domi-wa
ng.blogspot.com
-朵米攀登基地營影片搶先看：https://www.youtube.
com/watch?v=jdnDNuDiA7w",,"窮得只剩一個背包 o
ne backpac
k","肥春號 Fatchu
n Café","幼兒園(0歲~5歲), 小學(6歲~11歲), 中學(12歲~14歲), 高中(15歲~18歲), 大學(18歲~22歲), 壯年(24-39歲), 中年(40-64歲), 老年(65歲以上)","大學(18歲~22歲), 壯年(24-39歲), 中年(40-64歲)"
2358074200938125,"教出素養研習營－帶一
片森林回去","你擔心「素養就要來了」嗎？
關於素養的千言萬語，讓你頭昏嗎？
以後要怎麼考啊？考題要怎麼出啊？
題目
越來越長，學生要求哪位佛、拜哪個神啊？
——所有這一切，我們都會告訴你。
　
2019暑假，邀請您一
起來
🌿教出素養研習營——帶一片森林回去🌿
歡迎來，帶走森小三十年的教學經驗分享
歡迎來，帶一片
森林回去。
　
▶️完整簡章 http://bit.ly/forest_2019
▶️搶先報名 ht
tp://bit.ly/hefteachers2019s
全程參與將有18小時研習時數，全國教師進修
網課程編號2660718

【前言】
與其空洞而抽象地去界定各個素養名詞，不如直接思考如何「教出」那
個素養；透過各種教法的對比與探究，想像中的、或模糊感覺到的那個素養，做為一個可以追求的目標，它的樣貌
就會自然浮現了。（關於這一觀點的詳細論述，以及具體實例，請參閱附錄）
　
這其實是概念形成的正常過程
：不是透過語言、或別人說過的語言去論述，而是透過實踐、或關於實踐的思考去形塑。可是──要哪裡去找「教
出素養」的教學方法呢？
　
從去年開始，在森林小學奮鬥卅年之後，我們就展開了「分享森小系列」；現在又
適逢教育界「素養來了」的焦慮，我們就想，應該辦「教出素養研習營」，把森小卅年來的教學方法分享出來，讓
大家可以──可以帶一片森林回去！
　
🌿課程🌿
▶️教出素養
語文I ▶️掌握人間的密碼—拼音認
字與閱讀理解
語文II▶️開啟心智的泉源—閱讀理解與寫作表達
數學I ▶️由自己出發的數學
數學II
▶️數學能力的提升
生活I ▶️解放老師的煎熬—陪孩子成為他自己
生活II▶️帶領孩子脫困—對成長的
艱難伸出援手
▶️老師的素養
　
　
🌿講師群🌿
史英：人本教育基金會董事長
金仕起：政治大學歷
史學系教授
廖振富：中興大學台文所教授、前台灣文學館館長
林育聖：台北大學犯罪學研究所助理教授、橄欖
枝中心計畫協同主持人
張惠菁：小說家、散文家、衛城出版社總編輯
薛文哲：宜蘭士敏國小校長
林青蘭：森
林小學校務主任
謝淑美：森林小學生活主任
邱曉芬：人本教育基金會想想研發中心主任、數學想想國教學長

吳仲堯：宜蘭員山國小教師
林欣儒：宜蘭員山國小教師
周長誼：台南光榮國小教師
黃毓杏：基隆八堵國小教
師
何淑真：森林小學教師
戴菀萱：森林小學教師
廖韋絜：森林小學教師
　
　
🌿語文領域🌿
這兒
的重點，當然是在「教出」二字，如前所述，並不在研究抽象的素養概念。然而，一旦鎖定教育的實務工作，就不
能不考慮現實條件。以語文教學來說，森小可以從莊子到山海經，從芥川龍之介到契訶夫，上窮碧落下黃泉，摘用
任何材料來「教出素養」；但對於很多老師來說，他們就只能被框在「課本」之中，無所遁逃於天地之外。所以，
在「教出素養研習營」中要分享給大家的，主要是森小教康軒或南一版的方法──要從這一片森林中讓大家看到：
即使是無聊的教材，也可以教得有意思；即使是充滿陳腐教訓的課文，也可以讓小孩在思想上有所啟發。 有人說
，就算你們真能把「那種」課本教活，你們仍然不是我們，不能了解我們在學校遇到的困難（學生沒動機，行政不
配合，家長找麻煩，等等）；針對這些問題，「教出素養研習營」也有特別的設計：我們敦請多位在體制內任教的
現職老師來現身說法，將他們多年來在自己班上酌情採用森小教學的心得分享給大家──這些位老師的班級，我們
私下戲稱為「森小分班」：雖然並非隱身林中，但窗外早已佈滿翠綠的林蔭，開滿燦爛的花朵！
　
🌿數學領
域🌿
至於數學方面呢？則委請在體制內採用「數學想想」的老師，針對小孩會感到困難或紛亂的部分，摘取數
想中的相關內容，做成一個一個的簡短好用的「數想隨身包」；在「教出素養研習營」中，我們就來說明老師在教
「課本」的時候，可以怎樣隨手取用這些能量小包，以豐富自己的教學內涵。當然，這是要藉著為小孩在數學上排
難解紛的機會，讓老師可以透過數想的教學方法，間接逹成「教出素養」的目的；所以，不用說，這些絕不是什麼
「讓你秒懂」的「懶人包」，只怕恰恰相反，得要是相當勤快的老師，才能享有隨手的方便、和樂趣！
　
🌿
生活、行為、規範🌿
然而，我們念茲在茲的素養，絕不能僅限於數學或國語這些學科領域；在日常生活中，無
論在家裡或學校，一個小孩要既能「獨立自主、批判思考」，又能「融入團體、遵守規範」，才算是有了「生而為
人的素養」。這當然是更困難的事，特別是對於尚未成年的小孩；如何「教出」這樣的素養，則是教育上更大的挑
戰。卅年來，森小在這方面做的更多，走的更遠，而知道的人更少；尤其是對於還陷在獎勵與懲罰泥沼裡的台灣社
會，這可能更是難以想像的事。
　
在「教出素養研習營」裡，就像國語和數學領域一樣，我們要請森小和森小
分班的老師們一塊兒，分享他們在這一方面的具體經驗；不是什麼空洞的原理與原則，也不講什麼抽象的人本主義
，就直接告訴大家遇到小孩的什麼狀況，用了怎樣的方法，以及，得到的成功與失敗。每一個小孩，都是上天應允
的一個許諾；他的未來，不由我們妄臆；然而，我們若以誠心與智慧待他，他必不使我們失悔。
　
🌿結語?
?
從一開始，我們就一直說：素養是虛的，教法才是實在；現在，我們要跟大家說：教法也是虛的，老師才是實
在。各位城裡的、鄉村的、學校的、家裡的老師們啊，等你們來，來帶走一片森林，帶一片森林回去吧！
　
?
?招生對象
1.各級學校教師，名額80名。
2.不需研習時數，純粹個人進修者，開放20名。額滿可候補
，營隊前兩週若未額滿，依序遞補。
　
🔥研習營日期
2019年8月14日-8月16日，上午9：00
-下午5：30，8/16課程於3：00結束
　
🔥上課地點
台灣師範大學公館分部研究大樓S101教
室（台北市文山區汀州路四段88號）。
　
🔥課程費用　2500元（含餐點）。
🔥研習時數　全程參
與將有18小時研習時數，教師進修平台課程編號2660718

▶️詳細簡章 http://bit.l
y/forest_2019
▶️線上報名 http://bit.ly/hefteachers2019
s",,人本教育學院,人本教育學院,壯年(24-39歲),壯年(24-39歲)
159572638675422,天然礦石編織手鍊,"課程日期： 
2020/02/022 星期六

🦄 若時間無法配合，可以另約時間。

課程時間： 

PM 1：30 ～ 4：30

課程主題：天然礦石中國結編織手鍊，款式歡迎自由發揮。
🐰 可以選
擇不同的主體礦石，或自己攜帶也可以。

在手作的世界裡
放鬆身體
專注的與自己在一起
是創作也是靜心


課程費用：1000元
（ 不含主體礦石 ）

上課地點：台中市南區大慶街二段5之8號8樓

工具
：剪刀.尖嘴鉗. 打火機 .置珠布.皮尺
現場會為你準備，人來就好。 
若有慣用的工具，歡迎自備。


報名方式：
請將費用轉入
中華郵政 代號700
帳號0281259 0551953
並告知轉帳帳號
後5碼
私訊“一的手作工房”
https://www.facebook.com/Elisa1101/

或電話 0910-416-957
即完成報名，謝謝！",手工藝,一的手作工房,台中市,"大學(18歲~22歲), 壯年(24-39歲), 中年(40-64歲)","大學(18歲~22歲), 壯年(24-39歲)"
1596552783828152,"旗尾福德爺祠 福德正
神~聖誕千秋 《乞龜
》活動","歲次庚子年
農曆二月二日
為本宮管理的
旗尾福德爺祠
福德正神~聖誕千秋

本宮管理委員會
當天除了
團拜祝壽
還舉辦《乞龜》活動

歡迎十方善信，踴躍參加
參拜祝壽，乞龜賜福",宗教信仰,,旗山代天后宮,"幼兒園(0歲~5歲), 小學(6歲~11歲), 中學(12歲~14歲), 高中(15歲~18歲), 大學(18歲~22歲), 壯年(24-39歲), 中年(40-64歲), 老年(65歲以上)","幼兒園(0歲~5歲), 小學(6歲~11歲), 中學(12歲~14歲), 高中(15歲~18歲), 大學(18歲~22歲), 壯年(24-39歲), 中年(40-64歲), 老年(65歲以上)"
159853262126347,"金鼠年988雙週課程
吃到飽","因應疫情，將活動期間延後至：
2/8(六) ～ 2/21（五）
歡迎大家報名！！！
運動強身健體，百
毒不侵～～～～

🏮金鼠賀歲。年度鉅獻🏮

體驗課一堂原價：空中360 / 地面250
現在雙週
只要988😱

🔺吃到飽專案期間：🔺
只需988元即可報名期間任一堂團課
（空中瑜珈、國標拉丁
舞、彼拉提斯等）
同一時段同一課程，僅可體驗乙次
限本人使用，不得轉讓他人
選課請見課表：
http
s://www.facebook.com/gavolverdance/photos/pcb.2274
355862860292/2274355016193710/?type=3&theater

❗️另
有特別場次❗️
2/8（六）
09:00-10:00
我的第一堂空中瑜珈 by Andrea

2/
14（五）
19:30-21:00
雙人瑜珈 by 嘉儀

2/15（六）
19:00-20:00

美姿繩彼拉提斯 by 嘉儀
20:10-21:10
空中瑜珈 by 嘉儀

✊🏻報名加這裡並留訊息
👇🏻
✏️G.A 官方LINE ID：@gavolverdance
✏️G.A FB官網：桃園G
.A volver dance studio舞蹈休閒會館
✏️G.A YouTube頻道： http
s://www.youtube.com/channel/UCC6DXaGqAwwXDKbjdwF06
UA
📞姿彣老師 0912132903 LINE ID：paulina903
歡迎留言、私訊、分享
🌹","健身、適合兒童參與、
健身訓練",,"桃園G.A volv
er dance s
tudio舞蹈休閒會
館",壯年(24-39歲),"高中(15歲~18歲), 大學(18歲~22歲),壯年(24-39歲)"
1601228366684142,"是枝裕和 經典影展《
小偷家族》","▌時間：2/27（四）19:00（18:00 開放入場）

▌地點：象山日光珈琲（台北市信義區信義路
五段150巷22弄55號1樓）

▌低消：200元

▌座位有限，座位有限，
希望來觀看們有舒適的感
受，
所以我採預約的方式報名參與哦！

▌報名方式：
粉專臉書右上角，
「搶先預約」，
選擇是枝裕和
影展，再選你要的日期，及時間是晚上七點到九點，這樣就可以了。
★留下參加人數
★電話



劇情描述
在東京下町林立的高樓大廈之間，不合時宜地殘存一個破舊平房，裡面住著年邁的母親初枝（樹木希林飾演）、治
（中川雅也飾演）與信代（安藤櫻飾演）夫婦，以及他們的兒子祥太（城檜吏飾演），還有信代的妹妹亞紀（松岡
茉優飾演）。這家人仰賴初枝的老人年金過活，當年金不夠用時，就會靠在外頭順手牽羊來補貼家用。雖然他們處
在社會底層，但每天依然快樂地過生活。

某個冬天，治在附近大樓發現一個瑟瑟發抖的女孩由里（佐佐木光結
飾演），於是他將由里帶回家中，信代更將這個渾身是傷的女孩視如己出扶養。隨著由里加入到這個貧困潦倒的家
庭之後，卻因為某件事情發生，讓這個原本融洽的家庭開始分崩離析，彼此心中隱藏的秘密與無奈的心願，也一一
被揭露…。潦倒的家庭。以此事件為契機，這個原本融洽的家庭，逐漸四分五裂，彼此心中隱藏的秘密與願望也逐
漸明朗…。



★★☆☆注意事項☆☆★★
⊙本活動採預約報名，現場座次有限，報名額滿為止。
⊙本播
映場地非正式電影院，請勿以專業等級評量相關設施，如有未盡之處敬請見諒。
⊙為維繫觀影品質，電影播映期
間禁止攜帶各種外食與飲料、禁止大聲喧嘩。
⊙為保障電影愛好者的觀影權利，請確認可行日程後再報名。
⊙
已完成預約報名者，請務必於電影播映前30分鐘進行現
場報到。
⊙當日如因故未能與會，請提前進行取消預
約，將機會讓給其他電影愛好者。",電影,,"象山日光珈琲信義路五
段150巷22弄55
號","大學(18歲~22歲), 壯年(24-39歲), 中年(40-64歲)","大學(18歲~22歲), 壯年(24-39歲), 中年(40-64歲)"
160351018745420,"剪染燙各項優惠活動持
續中","💗剪.燙.染優惠活動（請至貼文區參考目前各項優惠）
          🌸染髮🌸
短499（耳
上短髮）中短699（頸上）899（過頸肩至肩頰骨前） 長1099 
💋含染前頭皮隔離 染前、中、後
、基礎護髮及頭皮滋養）

🌟請直接私訊粉專預約

💗剪髮（含洗髮+造型吹整）
         
          男生 200    女生250 💋（VIP套票）
              
                       
🍭特殊色漂髮每次 599up

💗男生韓式燙捲 
799～1199（送剪髮➕基礎護）

❤️溫塑燙髮  （熱燙）1599up
            
 （燙髮含剪髮及燙後基礎護髮）

➡️花蓮市建國路75巷16弄3號（何嘉仁美語旁巷子彎進來）

✅預
約專線 ：‭‭‭038311390‬‬‬✅

⬆️最早預約時段10:00-21:30
（早上上午時段
需提前預約）

歡迎使用刷卡服務。🉑️刷卡 🉑️刷卡",,"Mini Catwa
lk 理髮師髮廊","Mini Catwa
lk 理髮師髮廊","大學(18歲~22歲), 壯年(24-39歲), 中年(40-64歲)","大學(18歲~22歲), 壯年(24-39歲), 中年(40-64歲)"
1604162949715389,"Roman Wrób
lewski Sol
o Concert","Roman Wróblewski來自波蘭，是一位具有深厚古典背景的爵士鋼琴家。從龐克搖滾樂團，到迴響
貝斯雷鬼等實驗電子音樂，Roman的音樂生涯曾在歐洲各地參與過各式各樣的音樂形式演出。

在這個特別
的夜晚，Roman將會帶來他在旅居葡萄牙里斯本的兩年之中，所寫下的鋼琴原創作品，這些作品也將會收錄在
他的第一張獨奏專輯中。Roman的音樂揉和了爵士即興的精神和古典樂的細膩觸感，讓音樂在情緒豐滿同時仍
充滿概念性。

除了自己的原創作品，Roman也將會帶來一些蕭邦的鋼琴曲的自我詮釋，以及其他爵士經典
曲目。

 ● 演出日期｜2/28 (五) 20:30（20:00開放入場）
 ● 票價費用｜NT$
400(包含一杯指定飲品)
 ● 人數限制｜50人
 ● 演出樂手｜
     鋼琴/作曲 Pian
ist/Composer｜Roman Wróblewski

 ● 購票資訊
      1.表單預
定 → https://pse.is/P9JU2
      2.線上刷卡預定 → https://
pse.is/PRC2Q
      3.現場購票

 ● 演出地點｜享象Rhythm Alley

 ● 演出地址｜台北市大安區忠孝東路四段15號5樓之3(近忠孝復興4號出口，阿宗麵線樓上)

htt
ps://youtu.be/2jyxua7jRlg",音樂,,"享象Rhythm A
lley","大學(18歲~22歲), 壯年(24-39歲), 中年(40-64歲)","大學(18歲~22歲), 壯年(24-39歲), 中年(40-64歲)"
1610343475800622,全身痠痛，藥到病除,"你對生活有不滿嗎?你對壓抑的生活感到憤怒嗎? 你對自己的人生感到無所適從嗎? 你對工作壓力、人際關係
的無力感到無處發洩嗎?

全身痠痛，藥到病除 回來了
當天往死裡打

參戰樂團
珍奶彈跳龐克: NO
ISE BOOK
漂撇男子漢配上保力達B: 討口一眾 Kenkaaaaaa
軍歌型男龐克: 佬步槍 
Rusty Rifles
聽他們的歌，看到他們人就醉了: 餵飽豬
都會型無奈龐克: 鞋帶Shoela
ce

地點: Revolver
時間:2020 2月29號
票價500 (+1 Drink)
st
art:18:30 Open:19:00",健身、適合兒童參與,,Revolver,"大學(18歲~22歲), 壯年(24-39歲)","壯年(24-39歲),中年(40-64歲)"
161282081490523,"小飛象2019 線上
看-威秀","小飛象 2019 线上看 FULL HD

➡➡  ♥ https://pin.it/54sq5b6
o462rbi ♥

小飛象線上看 2019
小飛象 線上看完整版小鴨
迪士尼經典《小飛象》真人版，
提姆波頓執導。當迷惘讓你躊躇不前，勇氣就是ㄧ切力量！小飛象驚人的表演引來娛樂大亨凡德爾的目光，在大筆
資金的誘惑下馬戲團的老闆決定把事業賣給凡德爾。眾人才驚覺落入黑暗的圈套。
小飛象 線上看小鴨
小飛象
台灣線上看
小飛象線上看台灣
小飛象電影線上看
小飛象 線上看小鴨影音
小飛象2019線上看
小飛象
 線上看
小飛象香港版 2019
小飛象台灣版
小飛象台灣上映時間
2019小飛象線上看
小飛象 下
載
小飛象台灣上映
小飛象 singapore 2019
小飛象 2019 線上看
小飛象 马来西亚
上映
小飛象影評
小飛象香港線上看
小飛象電影 
小飛象 新加坡
小飛象台灣
小飛象 新加坡上映
小
飛象台灣首映
小飛象上映
小飛象 movie 
小飛象 馬來西亞上映
小飛象小鴨 
小飛象完整版 


#小飛象
#小飛象線上看
#小飛象電影 
#小飛象台灣
#小飛象香港
#小飛象新加坡
#小飛象上映

#小飛象2019
小飛象 電影 線上看
小飛象 電影 馬來西亞
小飛象 電影完整版
小飛象 電影 
結局
小飛象 電影主題曲 
小飛象 香港電影
小飛象香港票房
小飛象 线上看 2019
小飛象 台灣
 百度雲
小飛象 台灣 句子
小飛象 2019年電影
小飛象 2019 線上
2019 小飛象 線上
看",電影,,Taipei,"幼兒園(0歲~5歲), 小學(6歲~11歲)","幼兒園(0歲~5歲), 小學(6歲~11歲)"
161411115280698,兩歲幼幼黏土課程,"兩歲孩子懂甚麼？兩歲孩子可以上課嗎？
很多家長都有這種疑問，
覺得我家兩歲的孩子活蹦亂跳，
怎可能會
""乖乖""上課？
Otto2以兩歲孩子的發展與專注力為設計重點，
特別規劃適合兩歲孩子的黏土課程，
在
老師活潑有趣的引導中，
再加上爸媽耐心的陪伴，
共同創作出屬於兩歲孩子的親子捏捏樂時光。

透過老師
遊戲與耐心的引導，在玩黏土的過程中學習到混色、黏合、手力手指靈活運用、形狀處理及用心觀察物件等，讓孩
子快樂學習黏土。

小班制教學 每班只收六對親子

開班時段︰
星期二 10:00-10:40 歡迎
預約體驗
星期四 10:00-10:40 歡迎預約體驗
星期五 10:00-10:40 歡迎預約體驗


開放預約體驗中 每對親子體驗價175元
歡迎來電預約05-2862677 Otto2藝術美學嘉義
興業會館",手工藝、適合兒童參與,,"Otto2藝術美學-
嘉義興業美學館",幼兒園(0歲~5歲),幼兒園(0歲~5歲)
161464791847296,"蜉生 ‑ 李駿偉創作
個展","蜉蝣朝生暮死在人類的眼中其生命極微短暫，就如同人類的生命在宇宙間也不過短短一瞬，展覽以為題，藝術家李
駿偉將生命中的內在感受寄託於昆蟲之中訴說出身處於龐大浩瀚的世界中，一個微不足道平凡生命的靡靡之音。

/

《 蜉 生 》 ‑ 李駿偉創作個展

展期｜2020.01.21(二) ~ 2020.03.0
8(日) #週一公休
開幕茶會｜2020.02.09(日) 14:30~16:30
地點｜小川石藝廊
 2F
地址｜台南市中西區府前路一段85巷34弄一號 

#過年營業時間
1/24(五) 除夕 - 
休假
1/25(六) 初一 - 休假
1/26(日) 初二 - 13:00~18:00
1/27(一
) 初三 - 休假
1/28(二) 初四 - 13:00~18:00
1/29(三) 初五 - 13
:00~18:00",藝術,,小川石藝廊,"幼兒園(0歲~5歲), 小學(6歲~11歲), 中學(12歲~14歲), 高中(15歲~18歲), 大學(18歲~22歲), 壯年(24-39歲), 中年(40-64歲), 老年(65歲以上)","幼兒園(0歲~5歲), 小學(6歲~11歲), 中學(12歲~14歲), 高中(15歲~18歲), 大學(18歲~22歲), 壯年(24-39歲), 中年(40-64歲), 老年(65歲以上)"
1616795911804295,"0228寶可夢Tcg
遊戲日","寶可夢TCG遊戲日
活動時間:02/28(五) 
當日報名時間: 11:00~14:50(可預先報名
)
開賽時間:15:00
參賽費用:140元
滿八人開賽.參賽人數上限32人(視狀況加開)
賽制:瑞
士制ＢO1構築賽
3勝：中文版第三彈A.B補充包各２&隨機遊戲日PR卡x1 
2勝：中文版第三彈A.
B補充包各1 &自選第三彈補充包x1
0~1勝：中文版第三彈A.B補充包各1
活動結束會後除了「三勝
玩家」外，所有玩家都
可以參加遊戲日PR卡抽獎活動~


線上預報表單
https://docs.g
oogle.com/forms/d/1KzJCpYqnHi4UnqRZt80V0B9vVaKOGyn
mOxfi4Bqhiwk/edit",遊戲,,這裡有桌遊,"小學(6歲~11歲), 中學(12歲~14歲), 高中(15歲~18歲)","小學(6歲~11歲), 中學(12歲~14歲), 高中(15歲~18歲), 大學(18歲~22歲), 壯年(24-39歲), 中年(40-64歲), 老年(65歲以上)"
162121911900888,"手作幸福禮物 ♡ 銀
飾體驗","情人節帶著他 / 她來親手體驗
製作專屬彼此的銀戒 ♡ 刻上1+1的幸福印記 ♥
款 式► http
://bit.ly/3bwMT3h

體驗過程中可協助拍照，有需要可以跟老師說
歡迎打卡📷留下紀念


♡ 本月活動  ♡ (可挑不同款式或價位)
►IG打卡+追蹤👉享手作體驗第2件520元

1⃣
報名方式：
馬上預約 ►  http://bit.ly/37gG2rz
FB粉絲頁預約 ►http:
//bit.ly/37nPxoK

2⃣體驗場次時段 (可提前到先選款式)
上午 11:30
下午 
14:00 
下午 16:00
下午 18:00

3⃣體驗時間一般款式約1~2個小時完成
後修拋光
工作時間約20分鐘

🔸由金工專業老師親自指導，完成獨一無二的作品
🔸門市資訊 ►  https
://goo.gl/Gt1f2n

🔸若選擇可刻字款式，可事先想好要刻的字，
製作起來比較快唷。可
參考以下 
刻字推薦 懶人包 ♥
►http://adosi925.pixnet.net/blog/
post/208609716

🔸【特別款式】
如果有想做的其他款式請提前私訊詢問 (需附圖)
才
方便幫您另行估價及備料唷

#溫暖手作 #銀飾體驗  #情侶
#2月 #情人節 #禮物 #DIY禮物",手工藝,,"銀戀 - 手作銀飾 
金工教學 台南安平本
館","大學(18歲~22歲), 壯年(24-39歲)","大學(18歲~22歲), 壯年(24-39歲)"
162250338520941,"高雄大遠百-百人跳跳
小鹿競速賽","高雄大遠百-百人跳跳小鹿競速賽
報名請點我：https://reurl.cc/gv58oN
歡迎3-
5歲小朋友(103-105年次)與家長報名參加，騎乘跳跳小鹿限時1分鐘內，最快完成任務即為優勝！
★
參加可獲得美食遊戲券乙份
★還有機會抽中【貓‧美術館－世界名畫‧全面喵化】高雄站-邀請卡2張(1人中
獎2人同行)
活動日期：109/02/28(五)14:30
報名時間：即日起-100組額滿為止
活動
地點：高雄大遠百1F廣場
報到文件：小朋友健保卡
報名費：現金100元",其他、適合兒童參與,,遠東百貨 高雄大遠百,幼兒園(0歲~5歲),"幼兒園(0歲~5歲), 小學(6歲~11歲) "
162272171731495,"角落生物造型糖果盒蛋
糕","不用再躲角落啦！你的可愛我來守護.......
一個讓角落控瘋狂痴迷的烘焙課程開跑囉！
香草蛋糕的鬆
軟香醇vs惹人愛憐的角落夥伴，碰撞出一段神奇的火花！
立體翻糖造型蛋糕，除了讓人有味蕾上的滿足外，視
覺上的吸睛效果更是十足，還有加碼隱藏版的冰淇淋糖果盒，讓人驚喜連連！

綿密細緻、奶香濃郁的蛋糕，搭
上6款萌Q翻糖造型，絕對會擄獲您的芳心，有趣又充實的手作課程，讓您回味無窮喔！快快手刀搶先體驗吧！


活動時間：2/28 - 14:30～17:00
活動地點：林口A8環球購物中心B1 iBaby專門
店
           
活動說明： 
1、含食材、翻糖教學、糖果盒組裝和包裝6入
2、提供免費廚
師服拍照分享

活動費用：特價 450元/親子組
                 （市價2200元
）

每場限定16位參與活動，歡迎至網頁《搶先預約》報名，依照報名順序安排訂位，歡迎大家踴躍參加！

https://www.facebook.com/EKOcafe.bakery/",手工藝,自然手作工作室,自然手作工作室,"高中(15歲~18歲), 大學(18歲~22歲), 壯年(24-39歲)","小學(6歲~11歲), 中學(12歲~14歲) "
162364378439733,"夾鑽送鑽比賽 - V
IP 活動日","▶️▶️一場不可錯過的夾鑽送鑽比賽💎
只要您認同【威世登時尚珠寶】舉辦的【夾鑽送鑽募款捐救護車】活
動，並願意支付每夾鑽一次就捐獻$100元做為捐贈救護車基金的人，均可於VIP活動日至門市「現場報名」
參加夾鑽比賽。
1.【年度的月冠軍】: 共12名可獲得0.10克拉裸鑽1顆
2.【季冠軍】: 共4名
可獲得0.20克拉裸鑽1顆
3.【年度冠軍】: 共1名可獲得0.30克拉裸鑽1顆
#邀請您成為威世登
的公益大使
🔗活動連結: https://bit.ly/35JDou6
",慈善活動,,"威世登時尚珠寶 嘉義
民族店","壯年(24-39歲), 中年(40-64歲)","壯年(24-39歲), 中年(40-64歲)"
162406545195149,"Fablab Tai
nan】二月設備交流
說明會"," #FabLabTainan #全新數位自造設備學習交流會
#歡迎來參加二月的啟動說明會 #自由參加

　
FabLab Tainan為南台灣第一處註冊於全球性組織 Fab Foundation 的 F
abLab，也是台灣首座整合共同工作空間與自造空間的場域！
　
秉持著FabLab分享、學習、自造的
精神，而在這裡也聚集著許多對於maker有興趣的人，自發性的組成FabLab Tainan在地自造社
群，並動手做出許多有趣的專案！
　
「設備交流日」為最新推出之社群活動，將沿襲過去「數位自造基礎操作
分享（常態課程）」，以每週三固定時間，採取「有經驗者帶無經驗者」的交流方式，把「親手練習」作為主要訓
練目標，讓大家做中學如3D列印機、雷射雕刻機等數位自造機具，不用害怕！因為非常簡單！
　
🎯有關設
備交流日與借用辦法說明：https://hackmd.io/@fablab-tainan/equip
ments
-
🎯 [設備交流日說明會]  👨‍👩‍👧‍👦
　
🔺時間：每週三晚上7:3
0-9:00
　
🔺內容與說明：
＊此時段僅供需進行認證與練習操作設備之人員進行練習交流，恕不開放
製作自己的專案。
　
＊期間可以免費交流與觀摩，若有使用機器設備練習則酌收場地清潔費（試營運期間一律
需繳交清潔費）。
　
🔺交流日流程：
19:30-20:00 機具認證時間（上一次設備交流日有預約
者優先）
20:00-21:00 自由練習交流時間
　
-
若有任何問題👉歡迎私訊我們聯繫！
🎯
其他活動推推
【二月Maker Tuesday 台南自造社群聚會】http://bit.ly/2v5
34UY ",人際交流,,"Fablab Tai
nan臺南自造者實驗
室","高中(15歲~18歲), 大學(18歲~22歲), 壯年(24-39歲)","大學(18歲~22歲), 壯年(24-39歲)"
1626804614123112,"明日市集｜２２８特別
場","美好會發生，但也會消逝。
明日，你想留下什麼給你的孩子？
這是我們問自己的第一句話。

如果市集百百
種，能不能有一個市集
它能真的為我們的生活做一些什麼？

我們希望透過市集的凝聚，
在社區型態的場域
，創造比現在更好的生活，
不光是消費理念，還要更貼近生活的描繪。

初衷很單純，在市集凝聚美好的事物
，
連結人、生活、街區、城市，讓市集為日常做一些改變。

有人的地方，就有集市。
一個空間能自然形成
人的匯集和停留，是最寶貴的事情。
而這些，民俗文物館都有了！

有臺灣傳統建築、有文物、有臺味，
有
周邊社區，20,000里民與北屯區27萬居民。
有新舊交融，就像明日市集，
市集，在社區中心成為生活
中的方舟。

｜明日市集 五大主題｜

・記憶方舟・
在方舟裝進老東西、記憶和技藝。如：狀元糕/古早
味油飯/木作/紙藝。

・夢想日嚐・
往明日前先餵飽肚子、吃吃喝喝。如：甜點/星空棒棒糖/漸層飲料等
。

・稀有動物・
以讓環境永續為議題的友善綠洲。如：不塑生活/毛孩/動保等。

・彈指之間・
提供
素人創作、街頭藝人一個可以面對群眾的舞台。

・希望明日・
家的概念，風格設計/圖文創作/趣味小物，
讓家的生活更加美好。


＿ 讓市集成為方舟，為你打包昨天與今天。
＿ 遇見明日市集，遇見新的生活模
樣。
＿ 溫暖的情感流動，溫暖的日常。
＿ 更有創意、更友善、更永續、更有溫度。",派對、適合兒童參與,,臺灣民俗文物館,"幼兒園(0歲~5歲), 小學(6歲~11歲), 中學(12歲~14歲), 高中(15歲~18歲), 大學(18歲~22歲), 壯年(24-39歲), 中年(40-64歲), 老年(65歲以上)","幼兒園(0歲~5歲), 小學(6歲~11歲), 中學(12歲~14歲), 高中(15歲~18歲), 大學(18歲~22歲), 壯年(24-39歲), 中年(40-64歲), 老年(65歲以上)"
1629192820551964,"｜合力組裝米克斯｜系
列活動","集結本次計畫眾發起人，並邀請民眾一起參與，以展演講堂、計畫發起人面對面與傳唱歌謠等各種開放性的方式，
相互交織、「組裝」出米克斯計畫的路徑與樣態，藉由不斷地對話、來往交涉的身體感知，觸及「米克斯計畫」的
核心：召喚出各個發起人/參與者自身的觀察，更積極地與社會開啟對話，聚集/鬆動每個人心中所想像之臺灣性
。

地點｜當代館一樓活動大廳
辦法｜免費參加，現場座位有限，須事先報名
備註｜凡符合中央流行疫情指
揮中心規定，須居家隔離、居家檢疫或自主健康管理者，請勿報名！
報名｜https://forms.gl
e/uYr44WrV1UML4tTr5",藝術,"台北當代藝術館 MO
CA Taipei","台北當代藝術館 MO
CA Taipei","高中(15歲~18歲), 大學(18歲~22歲), 壯年(24-39歲), 中年(40-64歲)","幼兒園(0歲~5歲), 小學(6歲~11歲), 中學(12歲~14歲), 高中(15歲~18歲), 大學(18歲~22歲), 壯年(24-39歲), 中年(40-64歲), 老年(65歲以上)"
162965711702931,可乾燥的手綁倒掛花束,"活動時間：2/17(一) 18:30-20:30
活動費用：650元/人
活動講師：深山
活動地點：
5F 生活習作社
官網報名：https://reurl.cc/VadbDN

作品尺寸約：15X20
 cm

講師經歷：GREENDAYS花藝師/深山花藝師

活動內容：
迎接春天的來,由花藝師親自挑
選適合乾燥的鮮花材,引導大家從利用冬末春初的植物,製作一束能夠保留到下一個春天的倒掛花束,無論是掛在
門上或牆壁上,時刻都能感受季節的味道


注意事項:
1.請於2/14(五)17:00前至3F貴賓廳
完成繳費，始報名成功，活動前兩天因故無法參加恕不接受退費。
2.未滿五人不予開課，另行電話通知
3.
圖片僅供參考，花材會因季節而調整
",手工藝,"比漾廣場 Beyon
d Plaza","比漾廣場 Beyon
d Plaza","高中(15歲~18歲), 大學(18歲~22歲), 壯年(24-39歲), 中年(40-64歲)","大學(18歲~22歲), 壯年(24-39歲), 中年(40-64歲)"
1630896453719593,"2020 王 傑人像
速寫展","展出地點 : 小南風手沖咖啡館
地址 : 台北市師大路68巷9號

活動開放時間 : 週一~週六 1
3:00-19:00（週二公休）

示範活動:
1. 2/9 開幕兼人像速寫示範 14:00-16:
00

2. 2/15 珠光水彩古代手抄本插圖示範

藉由這次的機會，王傑老師將會展出廿幅人像速寫，
並且會利用示範活動的機會跟同好分享各種有趣的材料工具的使用心得，機會難得，請好好把握。",藝術、適合兒童參與,,"臺灣106臺北市大安
區師大路68巷9號","中學(12歲~14歲), 高中(15歲~18歲), 大學(18歲~22歲), 壯年(24-39歲), 中年(40-64歲)","中學(12歲~14歲), 高中(15歲~18歲), 大學(18歲~22歲), 壯年(24-39歲)"
163258414959849,"花之旅饗宴-美學分享
會","講座主題：花之旅饗宴
Open my garden(My garden is your’s)

內容
：
希望美學能真實體現在我的生活裡。
由專業花藝老師帶領一群喜愛拈花惹草的上班族組成的賞花團
每年有
計劃地前往日本實地見學與交流居家園藝
讓花草成為巷弄美學的主角
是臺灣第一個也是唯一的Opengar
den賞花團
這是一場生活美學的分享會
以花草點綴生活空間，讓美處處可見

主講人：
陳蘭馨
致力於
居家園藝學習與實作設計十餘年，近年赴日本見學參訪Opengarden賞花團活動，深度了解園藝組織與推
廣過程，亦深入日本鄉鎮見學居家環境布置與巷弄美學

詳情
日期：2020.02.02    
時間：
16：00入場，16：30-17：30 預計60分
地點：屏東縣潮州鎮長興路2-16號
票價：免費


參加方式採報名制，即日起開放報名
報名方式：
1、請在文章底下留下-姓名、參加人數
2、粉專私訊


注意事項：如遇天候異動會在粉專公佈",藝術,"DO樂坊 Music
 Studio","Do Loop音樂藝
文展演空間","中學(12歲~14歲), 高中(15歲~18歲), 大學(18歲~22歲), 壯年(24-39歲), 中年(40-64歲)","高中(15歲~18歲), 大學(18歲~22歲), 壯年(24-39歲), 中年(40-64歲)"
163439458256946,"Chinese Ne
w year par
ty!","Welcome to celebrate the Chinese New Year with mus
ic!
*9 PM-11PM: performance of Songs writer and R&
B singer youguey!
*11PM till opened End: jamming a
nd opened microphone!
*Free Entry!
*Minimum charge
 200 NTD!

Happy Chinese New Year !

",派對,"Africa 非洲象
牙海岸小廚房","Africa 非洲象
牙海岸小廚房",大學(18歲~22歲) ,"大學(18歲~22歲), 壯年(24-39歲)"
1635307539945652,"高寶酒窖台灣 初階葡
萄酒課程--葡萄酒入
門 開始報名","https://forms.gle/EYkth2izwDxGoGkcA <--欲報名者請填寫表單喔!
!
課程特色：
  利用短短1.5小時，讓參與貴賓能夠一窺葡萄酒看似神秘的世界。講師會用深入淺出的方
式，讓與會貴賓了解葡萄酒正確選購與飲用方式。
課程內容：
  *什麼是葡萄酒？葡萄酒從何而來？
  
*葡萄酒來源與葡萄酒文化簡述。
  *葡萄樹的一年四季。
  *世界上最受歡迎的葡萄品種簡介。
  
*葡萄酒類型。
  *由講師帶領品飲4~5款不同類型葡萄酒。
費用：
  * $800/人  
  
*匯款帳號：代碼812 台新銀行(建北分行)2068-01-0015025-6 
最低開課人數：
 
 *6人(課程日期前三天若人數不足將取消課程，已付費客戶可順延上課日期或退費。)。
適合對象：
  
*愛喝葡萄酒的朋友
  *對葡萄酒有興趣並計畫考取初階葡萄酒國際證照者
  *各行各業業務人員
講師
介紹：
  *徐克滎COLIN HSU、業界簡稱：徐克
 從業與教學經歷
  *1996.09~20
03.09--橡木桶洋酒股份有限公司：門市副理、業務部經理、企業內部酒類講師、門市營運與管理講師。

  *2003.09~2015.07--金醇臻品股份有限公司：推廣部協理 、對內對外葡萄酒講師。
 
 *期間至法國波爾多、德國Mosel河等葡萄酒產區實地考察。
  *2015.10~2017.12-
-品諾企業股份有限公司：VIP通路經理、對內對外葡萄酒講師。
  *2018.01~迄今—高寶酒窖台
灣分公司：業務副總、對內對外葡萄酒講師。
  *曾任萬能科技大學觀光系客座講師。
  *曾任莊敬高職
在職進修班葡萄酒專業訓練課程第一屆講師。
  *WSET INTERMEDIATE: LEVEL 2
 AWARD IN WINES AND SPIRITS。
  *法國食品協會主辦—法國葡萄酒專業課程
高級班結業。
  *CIVB法國葡萄酒公會認證課程結業。
  *獲頒香檳騎士勳章ORDRE DES 
COTEAUX DE CHAMPAGNE。
  *2016 法國餐酒協會AMVSF 第一屆國際品酒大
賽銀牌得主。
  *2017 法國餐酒協會AMVSF 第二屆國際品酒大賽評審。
","飲料、僅限 18 歲
以上用戶參加、葡萄酒",,"高寶酒窖-Globa
l Wine Cel
lar Limite
d Taiwan","大學(18歲~22歲), 壯年(24-39歲), 中年(40-64歲)","大學(18歲~22歲), 壯年(24-39歲), 中年(40-64歲)"
163641208299529,"壢小故事森林-好朋友
市集","活動地點：壢小故事森林-泰山廣場
活動時間：https://reurl.cc/EKA7Gv
(凡報名
市集攤主，活動時間內不可擅自無故離開攤位)
報名費用：200元/單日。（連續三日500元/場。）
攤
位格數：15攤。（報名之後，將由工作人員與您聯繫。）


匯款資訊：
【壢小故事森林 - 活動匯款資
訊】
匯款資訊：808 玉山銀行 壢新分行
戶名：悅鴿文創股份有限公司
帳號：0473-940-03
0547

注意事項：

　1.當日參與活動者，至園區報到簽到，並由工作人員帶往指定攤位地點。
　2
.當日攤位位置由入園報到順序,依序排定(11:00~11:30報到，12:00前布置完畢)。
　3.
當日攤位須繳交場地費用。
    4.攤位擺設位置為館區木棧道室內空間，攤位請自行攜帶桌面及座椅。

    5.當日活動園方僅提供擺攤場地，攤位所需物品（佈置物品）請由攤主自行準備。

　   *本活
動若有未盡事宜，主辦單位得隨時修訂之*","人際交流、適合兒童參
與",,"壢小故事森林-中壢故
事館三部曲","幼兒園(0歲~5歲), 小學(6歲~11歲), 中學(12歲~14歲), 高中(15歲~18歲), 大學(18歲~22歲), 壯年(24-39歲), 中年(40-64歲), 老年(65歲以上)","幼兒園(0歲~5歲), 小學(6歲~11歲), 中學(12歲~14歲), 高中(15歲~18歲), 大學(18歲~22歲), 壯年(24-39歲), 中年(40-64歲), 老年(65歲以上)"
163720808255564,"第十七屆 NEXT 
Toy Market
 玩具市集","【 第十七屆 NEXT Toy Market 玩具市集 】

✦時間Date：2020/02/28(
五) & 02/29(六) 12:00～18:00
✦地點Venue：龍山文創基地 B2-4號廣場（
台北市萬華區西園路一段145號地下2樓）
✦交通：捷運龍山寺站-1號出口出站(不用上到地面)，往B2
-3號廣場，穿過連通走廊即可抵達4號廣場(玩具市集所在地)
✦免費入場
✦主辦：NEXT Toy M
arket玩具市集
✦兩天攤位不同，歡迎前往共襄盛舉

更多詳情請至粉絲專頁與社團>>>

NEXT
 Toy Market粉絲專頁
https://www.facebook.com/NEXTToyMa
rket

NEXT Toy Market社團
https://goo.gl/jzyQ9a","其他、適合兒童參與、
玩具",,龍山文創基地,"幼兒園(0歲~5歲), 小學(6歲~11歲), 中學(12歲~14歲), 高中(15歲~18歲), 大學(18歲~22歲), 壯年(24-39歲), 中年(40-64歲), 老年(65歲以上)","幼兒園(0歲~5歲), 小學(6歲~11歲), 中學(12歲~14歲)"
164223988202059,"榮耀戰紀-第一章第四
篇-田野採集","榮耀戰紀
第一章第四篇-劇情待公佈

時間：2/22 下午1400~1700
地點：中正公園(高雄市
中正一路7號，捷運衛武營站2號出口即是中正公園。活動場地位於公園西南端，狗狗運動公園南邊，三多路、中
正路56巷交叉處。)

前導預告:

●田野採集
⾝無分文，飢腸轆轆的冒險者們，時有時無，危險莫測的
護衛委託看來並不⾜以令你們在塔⾼港安⾝立命，現在似乎是時候想辦法靠⾃⼰的雙⼿養活⾃⼰的時候了；塔⾼港
郊區是⼀⼤片荒廢的⽥野，說不定還遺留著先⼈早期種下，⾄今仍⽣⽣不息的農作物，塔⾼港郊區相較於泰烏蘭其
他地⽅也沒這麼危險，只要是還看得到太陽的時候...

行前須知:
一.攜帶裝備:
1.推薦裝備(非必
要)：中世紀風格背包、置物袋。在變化莫測的旅程中，冒險者背著行囊勇敢踏出屬於自己的征途。
2.LAR
P專用泡棉兵器:GM有準備租用泡綿武器(50元/人，損壞修護基金)，如有自購、自製武器者歡迎攜帶（主
辦審核是否符合安全)。
3.護目鏡:請自備，可向GM借用(免費)，也可向GM購買(50元/副)。
4
.LARP扮裝:本活動宗旨為實境角色扮演對戰，鼓勵玩家穿著扮裝參加，著古裝、盔甲者有血量加成獎勵。


二.請確實遵守GM提醒的安全規則，以免不必要的受傷。

三.劇烈運動易脫水，請玩家務必帶水。

三
.活動當天如遇下雨，GM會另行公佈活動地點，請密切注意此活動頁面。

四.此活動為常規活動，參與活動
的會員、非會員皆須付50(元/人)予南方聯盟，旁觀者免付費。",遊戲,,"高雄市中正公園 相思
樹下","大學(18歲~22歲), 壯年(24-39歲)","大學(18歲~22歲), 壯年(24-39歲)"
164720981498595,"微觀的日本地方創生系
列活動in台南 「加
賀市的社區營造與人才
培育系統」","微觀的日本地方創生系列活動in台南
「加賀市的社區營造與人才培育系統」

大家好！我是裏物語的主編小
鬼。上次微觀的日本地方創生台北場來了比想像中多三倍的鄉親父老們一起共襄盛舉，讓小弟受寵若驚，也很遺憾
沒辦法針對每個族群關心的議題做深度討論。接下來我會利用在台灣出差的時間順便把這系列活動用座談會的方式
辦下去，跟各位關心地方，關心你們家URS或CSR還是出國參訪、海外深度遊錢要花在哪裡的夥伴們一起看看
日本案例，也談談後續合作。

☆

關於微觀的地方創生活動主軸

☆

主辦人於2017年末離開東京
，以日本社會新創組織Next Commons Lab“HUB Taiwan”專案負責人與石川縣加賀市
地域振興協力隊隊員身份開始活動。不同於日本大師們針對社區營造、深耕地方、法規制度等深度宏觀問題展開論
述的講座，這次由地方創生政策第一線台籍實踐者給你帶來相關業界最小鼻子小眼睛，沒風度又沒品的全新活動體
驗！

石川縣加賀市有一個非常親台的市長，在台灣擁有高雄、台南、桃園與高雄市鼓山區四個友好都市（不要
問我為什麼混了一個區在裡面）。因為經濟衰退造成人口急遽減少，加賀市甚至因應現況在政府成立了「人口減少
對策室」，也引進了中央政府的「地域振興協力隊制度」。幾年過去了，現在加賀市的社區營造與地方創生政策推
進進度如何？而接下來又該怎麼走下一步呢？就讓主講者娓娓道來。

☆

關於講者

☆

主講人於20
17年底因某契機進入謎般的社會新創組織Next Commons Lab，同時也在日本政府總務省200
9年開始推動的地域振興協力隊制度輔助下，以台日交流專案負責人身份來往於東京、加賀與台灣。

出生成長
於台北市中心，一路從中正紀念堂旁邊的兩家學校讀到在西門町整天混日子。混到從高職念學店一路念到大學畢業
，旅日期間在東京七年就讀平面設計後，相繼經歷過設計業與不動產仲介業。之後與友人開業。其間能寫在履歷上
的經驗跟生意很少，不能寫只能口述的經驗也許更多。

☆

本次內容

☆

有鑒於之前失敗經驗，這次
主軸將圍繞在NCL與另外兩個人才培育系統“社區營造學校”、“PLUS KAGA”在加賀市落地後的成果
與參加後感想。想聽模式嗎？想聽案例嗎？想聽這三個系統裡面有哪個學員或是承辦吃鱉了嗎？這次通通準備給大
家。

覺得每次日本人都跩個二五八萬到台灣開講座下指導棋每次聽了好像很有道理又不知道哪裡有點不爽嗎？
HUB TAIWAN計畫最終目標就是通往台日在對等關係下共同創造案例跟模式的平台，單位預算跟國際交流
、地方創生有關又煩惱怎麼提一個有延續性的計畫嗎？歡迎於會後洽談！

入場費200
報名請私訊東京裏物
語專頁。

#地方創生
#台南",慈善活動,,台南市,壯年(24-39歲),"大學(18歲~22歲), 壯年(24-39歲)"
165387108079907,"傑出小孩歌唱 Bri
lliant Kid
s 兒童百老匯歌唱訓
練班","簡介  
配合圖卡，快速學英文 學音樂 開心唱歌
一面唱一面學英文單字
為小朋友量身打造的訓練百老匯
的基礎課程，教材按英文的難易度及歌曲技巧難易度分類，每一套分為古典及流行選集。
– 古典教材(Cla
ssic)按北美聲樂等級曲目選單，再配合亞洲人需求選擇最適合的曲目，讓使用者在學會歌唱技巧的同時又可
以從歌曲中了解北美不同年代的生活文化，增強世界觀。
– 流行曲集(Popular)包含了百老匯熱門歌
曲，迪士尼歌曲及英文經典歌曲。跳脫現在的教育環境及坊間的英語教材，不須枯燥大量的練習，漸進式的培養專
業英語及歌唱能力。課程特別設計成讓孩子在有故事性的歌曲中，不知不覺增進中英文閱讀能力，讓學習英文不再
是苦差事，進而引發孩子的興趣，與機動性自主練習的習慣。

《BRILLIANT KIDS 10大特點
》
基礎的英語能力 +系統化教學引導
我們相信英文能力是可以『玩』出來的！  
1. 增加小孩子的單
字量、以玩味字卡窺探小朋友對英文的記憶。
2. 歌曲的文化背景介紹。
3. 附有許多迪士尼、鄉村、古
典元素音樂。
4. 英文發音、咬字、雙母音的下拍落點、附含音樂檔的節奏檔。
5. 聘用國際級師資。

6. 英文教學。
7. 歌曲獨唱、訓練信心、歌聲訓練。
8. 插畫家Jacob及Yoko描繪了歌曲內
容，讓我們可以在唱歌的同時，自然的了解歌曲所傳達的內容。
9. 斥資買下所有版權。
10. 全本共1
00頁，採用進口高級銅版紙全彩印。
學習是需要被鼓勵和刺激的，我們所收錄的歌曲，不但有趣也很動聽，一
整套教程下來，相信一定能讓你在歌唱和英語能力上有顯著的進步，自信地說出英文將不再是難事！

 
1.
體驗時間:
Sat 14:00-14:55、  10名   7-14歲

2.活動對象：7 歲以上

3.地點:台北市大安區大安路一段176巷15號一樓
4. 活動成行：10人",藝術,,"Internatio
nal Musica
l國際百老匯","小學(6歲~11歲), 中學(12歲~14歲)","小學(6歲~11歲), 中學(12歲~14歲)"
165609484883896,"陳府將軍聖誕千秋 （
農曆2/6-國曆2/
28）","旗津陳府將軍聖誕千秋
農曆2/6號國歷2/28
",宗教信仰,,高雄市,"幼兒園(0歲~5歲), 小學(6歲~11歲), 中學(12歲~14歲), 高中(15歲~18歲), 大學(18歲~22歲), 壯年(24-39歲), 中年(40-64歲), 老年(65歲以上)","幼兒園(0歲~5歲), 小學(6歲~11歲), 中學(12歲~14歲), 高中(15歲~18歲), 大學(18歲~22歲), 壯年(24-39歲), 中年(40-64歲), 老年(65歲以上)"
165618088050894,"第19屆亞太資訊安全
論壇 雲端資安論壇","亞利安科技為Array NETWORKS的台灣區代理商,2/26(三)下午的雲端資安論壇,特別邀請到
Array的資深技術顧問 何健男 先生 擔任講師,和您分享: 提升服務效能,強化資安防護
歡迎踴躍報
名,共襄盛舉! 
地點:臺北文創大樓(臺北市信義區菸廠路88號6F) / 會議廳：F廳
報名連結:

https://www.informationsecurity.com.tw/Seminar/202
0_Seminar/cloud/
由資安人媒體主辦,從行業特性與需求的重點處下功夫,讓我們Back 
to Basic回歸根基,從關鍵處著手,匯集全防禦的資源與深耕,與合作夥伴共同前進2020,展開新合
作.",其他,"亞利安科技股份有限公
司 CipherTe
ch Co. Ltd
.",臺北文創大樓,"高中(15歲~18歲), 大學(18歲~22歲), 壯年(24-39歲)","大學(18歲~22歲),
 壯年(24-39歲)"
165636501553080,"銅牌深籌賽- GTD
 $30,000","時間：2/17-2/20 19：00
參賽費：$800
起始計分牌：20,000
升盲時間：20/1
5min
延遲登記：LV8

保證獎池$3萬元
開賽級別LV1結束前參賽，享超級泡泡保護計畫 $80
0銅牌卷  LV2後到截止參賽也享有泡泡保護計畫 $400 銅牌折抵（限本人使用）
",體育,,"中壢華人德州撲克競技
協會","大學(18歲~22歲), 
壯年(24-39歲), 
中年(40-64歲), 
老年(65歲以上)"," 壯年(24-39歲), 
中年(40-64歲), 
老年(65歲以上)"
165675424747343,228南巡,開基 玉皇宮,宗教信仰,,南鯤鯓代天府,"幼兒園(0歲~5歲), 小學(6歲~11歲), 中學(12歲~14歲), 高中(15歲~18歲), 大學(18歲~22歲), 壯年(24-39歲), 中年(40-64歲), 老年(65歲以上)"," 壯年(24-39歲), 
中年(40-64歲), 
老年(65歲以上)"
166374958043905,"閱讀分享會：林開忠等
人《田野的技藝》no
1","閱讀分享會
書目：《田野的技藝》（不限定版本）NO1
作者：林開忠、張雯勤、郭佩宜、王宏仁、趙綺芳、
莊雅仲、容邵武、龔宜君、顧坤惠、邱韻芳、林秀幸  

報名表單：https://reurl.cc/W
49nAZ

形式：自由發言
時間：2020年2月13日 星期四，下午7:00 – 9:00
地點：
在地方人文空間（屏東市公裕街470號）
限額：8人
費用：隨喜（可以用點心替代。最好是別具意義的零食
，或是自己做的啦！）

主題：閱讀
第1部：剛到田野就摔一跤
1.林開忠：田野中的地雷：我的沙拉越經
驗
2.張雯勤：遇見田野，遇見官僚體制
",其他,在地方人文空間,在地方人文空間,"中學(12歲~14歲), 
高中(15歲~18歲), 
大學(18歲~22歲), 
壯年(24-39歲), 
中年(40-64歲), 
老年(65歲以上)","高中(15歲~18歲), 
大學(18歲~22歲), 
壯年(24-39歲), 
中年(40-64歲), 
老年(65歲以上)"
166658871264413,"相糾來怕麻將之輸到脫
褲","舊年打麻將活動戰績有影難看
於是乎，老闆要在除夕與過年這一天，打斷手骨顛倒勇。
再度化身牌桌上的狂徒
天使-史蒂芬.朱 再戰府城!!!

己霸摳三場 雙人麻將，不論輸贏通通有獎。

0勝 紅包袋一組
1
勝 布料春聯印刷
2勝 束口袋印刷
老闆脫褲子3勝 A4帆布袋印刷(不會真的脫)

可以吃、可以碰，
但是不能翻桌，也不能大聲斥責老闆!!

時間上分成兩場

㊙第一場

一月24號(拜五除夕)下埔兩點
怕告謀日頭

濤人絹印工作室
台南市中西區中山路79巷5號


㊙第二場

一月25號(敗六過年) 
下埔兩點怕告差不多八點

台南運河博物館
台南市安平區安平路97之15號


會怕的不要來。",喜劇,濤人絹印手做,濤人絹印,"大學(18歲~22歲), 
壯年(24-39歲), 
中年(40-64歲), 
老年(65歲以上)","大學(18歲~22歲), 
壯年(24-39歲), 
中年(40-64歲), 
老年(65歲以上)"
166684597950913,2月毛小孩肖像畫課程,"上課時間請參照報名表單內為主～

https://forms.gle/ZpcRdHZDSRkyLrp
t5

🍀 課程內容
‧毛小孩頭像
‧植物小插圖
‧色鉛筆混色法
‧構圖說明，課前老師會先將各位的
構圖先大約確定好。
‧工具介紹
‧配色
🍀 費用
800/1小時
🍀上課時間
3小時
🍀 每班
人數限制1~3人
若您報名的那天額滿，會另通知您更換天數或取消。
🍀 報名成功會通知您先匯款，就可
以如期上課了。
🍀 課程中，來不及完成的作品，可選擇下次報名繼續或老師不額外收費協助完成。
🍀 
工具皆由教室提供。
🍀 課程中會提供小點心給大家一邊畫圖，一邊享用。
🍀 課程結束，會得到一幅屬
於你自己繪製的作品(15x15cm)。
🍎 教室位置
‧新北市中和區忠孝街111號1樓 (近南勢角
站) 
🍎 到府1對1
‧限台北、新北、桃園市區",藝術,夢幻島美術,美美音樂中心,"幼兒園(0歲~5歲), 小學(6歲~11歲), 中學(12歲~14歲), 高中(15歲~18歲), 大學(18歲~22歲), 壯年(24-39歲), 中年(40-64歲), 老年(65歲以上)","幼兒園(0歲~5歲), 小學(6歲~11歲), 中學(12歲~14歲), 高中(15歲~18歲), 大學(18歲~22歲), 壯年(24-39歲), 中年(40-64歲), 老年(65歲以上)"
166749424635296,"［粗針織入門課］粗線
條刺繡！咪仔抱枕顏討
會2.0召集","🧶 咪仔顏討會2.0 😽 成員召集！

新年的一開始，一起來繡個自家貓咪的抱枕吧！

各家喵代表
可以準備貓貓照片來課堂上創作喔，非常歡迎有想法的同學來自由發揮，課堂上海豚鳥會協助完成，不用擔心喔！

這次也準備更多貓的形式，讓大家當作基底創作，可以把專注力放在該怎麼繡填毛色 。

粗線條刺繡有著獨
特的立體感，在每個環節感覺自己的創造心和穩定心，從構圖開始，畫一個輪廓線條，一邊想要怎麼佈局繡與留白
，選兩三種顏色來混色、捻線，用自己創造的線來刺繡。
一針一線繡在布上的紋路肌理，觸感更有溫度呀！


🎁 這次的材料工具組再升級

📷 第 一 堂 刺 繡 抱 枕
      課 程 紀 錄 連 結
 ： https://risu.io/47S

-
日期：2019/2/22（六）
時間：10:00
-14:00
地點：錦物生活合作社
費用：2800元（含材料工具、抱枕、枕芯）
＊上課附贈工具組，內
含大繡框（直徑26cm）、繡針組（4入）、水消筆、穿針片、鶴剪刀、工具鐵盒、刺繡講義、繡線組（  *
 * 基本繡線6捲+自由選線2捲＋自選一球段染粗細毛線）
  

📌作品尺寸
抱枕長50x寬50公
分

📌可選顏色
苧麻磚紅色、 芥黃色、苧麻白色、苧麻米色 、苧麻湖綠色 、苧麻灰色 、苧麻深藍色


須於報名時一併登記

📌程度限制
無基礎、初學者皆可上課。每個人速度不同，上課會講解所有的作法
，若課程時間內無法完成，請同學回家繼續完成。

📌上課同學需準備工具
無

💁🏻上課小提醒
課
程只限報名者參加，為顧及上課品質，請勿攜伴，敬請配合。

💁🏻報名請洽錦物生活合作社，匯款後私訊
告知後五碼、姓名、電話、所選顏色，回覆確認後即報名完成。
*遇額滿狀況，將以匯款順序為準，恕不保留名
額，請儘早完成報名手續！

匯款帳號：
國泰世華銀行北三重分行（013）
帳號：039-03-500
975-6 
戶名：錦物生活有限公司",手工藝,,錦物生活合作社,"幼兒園(0歲~5歲), 小學(6歲~11歲), 中學(12歲~14歲), 高中(15歲~18歲), 大學(18歲~22歲), 壯年(24-39歲), 中年(40-64歲), 老年(65歲以上)","高中(15歲~18歲), 
大學(18歲~22歲),
壯年(24-39歲), 
中年(40-64歲)"
1671189649678920,"BOSU 新一代平衡
訓練**認證培訓課程
**高雄場","此課程為BOSU的基本課程，幫助您將多功能性的BOSU訓練發揮到極致！
課程中會學習到神經運動訓練的
理論，透過新的培訓內容，將BOSU運用於課程編排中，創造出讓學員感到多元且極富趣味的訓練感受。
 

•了解神經運動訓練的理論和科學
•體驗全新BOSU基礎運動模式
•學習針對不同訓練程度輔助指導技巧

•全新內容提供了多種訓練變化

國際證照之教育學分: ACE 0.4 CEC’s，AFAA 4 CE
U’s，NASM 0.4 CEU’s， PTA Global 4.0 CEC’s， canfitpr
o 2 CEC’S(PTS,FIS)

 -----------------------------
--------------------------------------------------
----
講師 朱奕豪 老師

講師經歷:
現任 
豪健康運動工作室 負責人
高雄醫學大學運動醫學系
 皮拉提斯老師
曾任
台北振興復健醫院 物理治療師
台北內湖力康健康管理中心 核心訓練教練
左營國家
運動選手訓練中心 核心訓練教練

相關認證：
※ LIFE體適能健康學院 台灣區專業講師
※ Tri
gger Point 台灣區專業講師
※ BOSU台灣區專業講師
※ NASM-CPT 認證
※ P
OLESTAR PILATES 認證
※ Power Plate 認證
※ TRX STC 認證
※
 Thump Boxing 認證
※ KBC 認證
------------------------
--------------------------------------------------
----------

主辦單位:信捷國際股份有限公司
時間: 2020/01/05（日） (09:
00~13:00)
講師: 朱奕豪 老師 - 台灣區專業講師
地點: 豪健康運動工作室 
地址: 高
雄市苓雅區永定街60號（都廳苑）
洽詢電話：02-8789-3088 信捷國際

課程費用：NT$$
4,800（含課程講義）

*BOSU器材加購費用：BOSU PRO專業版半圓平衡球(粉紅色)，限量
優惠$6,156(市價$7,600)

*學員完成報名繳費後，開課前三日內取消學費全數將不予退還。


報名者請提供詳細基本資料至（jill@f1-recreation.com.tw）信箱
信件主旨請註
明「報名BOSU-高雄場-1090105」
基本資料包括：
1. 中英文姓名（英文應以護照資料為主）
Name
2. 聯絡電話 Contact Number
3. 電子信箱 E-mail
4. 工作單位
與職稱

【資料不齊全者將不予受理報名】
*匯款作業將待報名人數確定後將以電子信箱及行動電話通知匯款
資料！
",健身,"信捷國際股份有限公司
 (F1 RECRE
ATION TAIW
AN)","How Fitnes
s Studio（豪
健康運動工作室）","高中(15歲~18歲), 
大學(18歲~22歲), 
壯年(24-39歲), 
中年(40-64歲)","高中(15歲~18歲), 
大學(18歲~22歲), 
壯年(24-39歲), 
中年(40-64歲)"
1672727206217767,"加開場2/29-3/
1 文心秀泰","2月最後一次加開場✨
228連假最後兩天有時間歡迎來找我們玩❤️
一樣有非常多新品準備給大家唷！


地點：台中文心秀泰 前門廣場",購物,,秀泰廣場文心店,"大學(18歲~22歲), 
壯年(24-39歲), 
中年(40-64歲), 
老年(65歲以上)","中學(12歲~14歲), 
高中(15歲~18歲), 
大學(18歲~22歲),
壯年(24-39歲), 
中年(40-64歲)"
167361621185797,週日共修 梁皇寶懺,"【法訊】週日共修《梁皇寶懺》
　
◎共修日期及內容
2/9   頂禮梁皇寶懺 卷一 
2/16 頂禮
梁皇寶懺 卷二 
3/1   頂禮梁皇寶懺 卷三
3/8   頂禮梁皇寶懺 卷四
3/15 頂禮梁皇
寶懺 卷五
3/22 頂禮梁皇寶懺 卷六
（3/29 禪修一日）
4/5   頂禮梁皇寶懺 卷七
4
/12 頂禮梁皇寶懺 卷八
4/19 頂禮梁皇寶懺 卷九
（4/26 禪修一日）
5/3   頂禮梁
皇寶懺 卷十
　
◎時間：週日上午09:00--11:30
◎地點：法聚書院　嘉義市西區友愛路288
號9F1
　
歡迎參加共修，虔敬禮懺，功德迴向，圓滿報恩孝思",其他,,法聚書院,"中年(40-64歲), 
老年(65歲以上)","中年(40-64歲), 
老年(65歲以上)"
1675004382640357,"國際隨扈保鑣暨模擬護
衛射擊訓練研習會（確
認招生，請掌握報名）","中華隨扈委員會(台灣特勤隨扈保鑣交流研習訊息)

109年2月28號星期五08:30開訓

109年
2月29號星期六17:30結訓

中華隨扈委員會招生報名
歡迎習得一身隨扈技。

這次訓練請著西裝服
裝，帶手電筒，個人耳機，假刀，假槍 其他裝備，會部提供，主要拍攝隨扈操演與各項護衛技巧。

需準備裝
備:
準備專業攝影機
西裝一套含領帶與黑鞋
運動服與步鞋
換洗衣物與盥洗用品
毛巾與水瓶
手電筒
照
片一寸三張
良民證(需提供)

訓練場地：本次規劃上課處場地
1,刃口特勤戰技館
2,桃園辦公室會館

3,選豪宅社區(聯合警衛工作說明)
4,餐廳（禮儀與安檢）
5,基本教練射擊室
6.桃園國際機場

7.大型活動會場協勤與勤務演練
8.台南柳營靶場

師資:
保全公司董座
中華隨扈委員會教官
保鑣公
司特勤隊教官
武術教練
系統保全專家
律師事務所

報名手續:
自我介紹
中文姓名
英文姓名
身份證
字號
年月日
身高
體重
警軍相關經歷
隨扈任務經歷
武術項目經歷
射擊槍枝經歷
救生相關經歷
駕駛
車輛種類
其他專長
一寸照片三張
聯絡電話

請傳至0989685593周先生手機。

完訓:
合格
受訓後可取得相關受訓證明。


我問大家:
1. 你們為何會想從事這樣的行業? 
（是不是以前電視電
影看多了，對於保鑣這個職業覺得十分具有英雄氣概、充滿憧憬。）
2. 你們想要從事這個工作的基本需求?

（無前科、最好是軍警人員，特種部隊退伍人員、需要有武術能力與段位、需要有駕照、不能太老太矮太胖、有
隨扈經驗者為佳。）
3. 你們實際從事這個行業之後相較於當初的嚮往是否有落差?
（保鑣工作中需要處理
很多雜事，比方說有時候陪老闆娘出去買菜、幫忙提菜時，也會覺得有點落差，但都是工作嘛!）
4. 薪資待
遇。 （?萬間）
5. 一起來分享工作甘苦談/難忘的經驗。

講習現場示範：

1,護衛擒拿術。（學
員自備道具：假刀、假槍、假武器。
2,步行護衛走位訓練（防守與移動）。
3,車行護衛（檢查重點，安全
駕駛與禮儀，反跟蹤，反狗仔）。
4,可疑人事物判別與防範排除。
保鑣自我防衛術，防跟蹤，取款時的防範

，防性侵，防搶劫，防入室搶劫，防劫持汽車，防團夥暴力，防綁架劫持，防恐怖活動，反劫機，防惡性槍擊。

5,防爆防範（信件包裹安檢）。
防刀斧劈殺，防汽車衝撞，防縱火，防生化恐怖襲擊，防爆炸恐怖襲擊，防
汽車炸彈，防人肉炸彈。
6,實際護衛案例經驗分享。
7,護衛設備介紹與使用。
8,與VIP建立互信與
使命感。
9,學科課程不公開（簡報上課）。
10，海外人質解救。
11，護衛設備教學。
12，護身倒
法（預防VIP跌倒狀況）
13，拳擊散打柔道訓練
14，基本法律常識
15，兩性平等教育（防止性騷擾
事件）
16，簡易急救
17，電子設備操作（反針孔課程，反偵測器操作）
18，風險評估課程
19，職
業倫理課程
20，任務實務操作課程

課程中安排專業講師來指導學員

歡迎報訓交流互相學習,習得一技
之長。

12月份招募隨扈與介紹職缺
1，特勤警衛四萬元起薪。
2，隨扈案件按件計酬。
3，要幫忙寫
工作推薦函也可以。
........................................
...............................
武術訓練:
2020年全國散打比賽，
請另外自行參加專訓武術訓練。

射擊訓練規劃:
1,台南柳營訓練散彈槍訓練與烤肉露營活動，有小木屋可
住，歡迎同行。

2,預計109年（   ）月菲律賓打靶射擊行程，這次研習會討論打靶射擊行程規劃，歡
迎同行。

飛安訓練:

特殊課程保密，上課會指導。

海安訓練:
特殊課程保密，上課會指導。

隨
扈捍衛您的安全和財產是我們的使命（用心來做好每一件事,是刃口隨扈的自我要求）

隨扈.隨扈.隨扈.隨
扈.隨扈.隨扈.隨扈.隨扈.隨扈.隨扈.隨扈.隨扈.隨扈.隨扈.隨扈.隨扈.隨扈.隨扈第一品牌

隨
扈.隨扈.隨扈.隨扈.隨扈.隨扈.隨扈.隨扈.隨扈.隨扈.隨扈.隨扈.隨扈.隨扈.隨扈.隨扈.隨扈.
隨扈第一品牌

隨扈.隨扈.隨扈.隨扈.隨扈.隨扈.隨扈.隨扈.隨扈.隨扈.隨扈.隨扈.隨扈.隨扈.
隨扈.隨扈.隨扈.隨扈第一品牌第一

物管服務與隨扈特勤保鑣第一選擇
http://www.renk
ou-bodyguard.com",體育,,中華隨扈委員會,壯年(24-39歲),"大學(18歲~22歲), 
壯年(24-39歲)"
167667934650233,"2030 轉職地圖-
 高雄新書分享會","歡迎大家參加😄超佛心🙏
贈送🎯2030轉職地圖🎯新書一本

✅了解國際職場
✅學習新知
✅轉
職、創業
✅工作遇到卡卡

👉活動日期｜2/23（日）13:00-15:00
👉活動地點｜柯雷特
全方位教育中心｜高雄市苓雅區新光路38號30樓之一
👉活動票價｜
1. 早鳥票499元（贈送203
0 轉職地圖 新書一本＋一對一職涯諮詢一次，↑30分鐘，市值1,680元）
2. 超值優惠票550元
（贈送2030 轉職地圖 新書一本＋一對一天賦生命數 諮詢一次，↑30分鐘，市值1,680元）
**
以上活動及贈送內容詳情，請點閱活動網頁，主辦保有變更修改之權益**
🎯臉書活動｜https://r
eurl.cc/4gKDnD
🎯報名購票｜ https://reurl.cc/K676ge

＃柯
雷特全方位教育中心協辦","人際交流、僅限 21
 歲以上用戶參加",,"柯雷特全方位教育中心
-皮紋檢測","壯年(24-39歲), 
中年(40-64歲),","大學(18歲~22歲),
壯年(24-39歲), 
中年(40-64歲)"
167933544622141,"TriYoga三瑜伽
一級密集課程&師資培
訓","TriYoga三瑜伽一級密集課程&師資培訓(55小時)
對象：16歲以上對瑜伽有興趣者
時間：202
0.2.21~3.3 13:00-18:00(2.26休息一天)
地點：台東市寶桑路272號
費用：
全程$22,000(不含教師手冊與認證費)
            單日課$2,500

💖 洽詢
專線：0910-558960胡黛芬；0952-136857歐陽玉
Line ID： yoga5106
26 / lapacehostel

💖 請穿著寬鬆衣物,自備伽墊、飲用水、筆記本、披毯、、錄音設
備(後3樣依個人需求自備)

💖 填完報名表後，請您在三天之內匯款，我們會發佈報名成功通知書，這才
算完成報名喔!!!

💖 匯款完成後，請傳lime通知，以確名額，謝謝。
中國信託銀行台東分行，銀
行代碼822
帳號:126540-159528，戶名：胡黛芬

💖 第3階段預計在2020年6.1
8-28辦理

💖 條款與規則：
1.上課期間禁止攝影拍照
2.若因不可抗力之自然天候因素而無法開
課，費用全額退回
3.我們會拍攝照片及片段以作將來宣傳推廣用途

【課程內容】

       Tr
iYoga一級課程對應了五大元素中的地元素，整個級別包含地、水、火、風、空五個主要系列。
這五個主系
列分別各有三個濃縮版本，所以一級課程總共有五大主系列，十五個子系列。每個系列各分為春、夏、秋、冬四季
。
        有了“基礎”的鋪墊，“一級”全方位地對身心提出更多挑戰。學習會更明顯地感受到Tr
iyoga的整體性，每個練習序列的科學安全性，及其帶來的能量提升，從而有能力更深入自我練習和教學。


       “一級”課程也是對“基礎”中所有知識絕好的再次消化和領悟的時機；會為正在教學的老師打
開更多的思路，同時在身體和思想上都得到提升。

      “一級”氣的知識：從呼吸到專注和冥想共七
個部分。
在“基礎”之上，學習新的呼吸控制法與專注技法，進入簡單的屏息練習。

        老師
除了教授瑜伽流動體式以及呼吸練習之外，會教授如何指導學員練習的方法，包括非语言辅助，演示和镜像，道具
，
        簡單的動手對齊和姿勢修改，以及教學實習，學生將獲得1級的實踐經驗，從2人一組開始
，然後進入小組，然後進入更大的小组相互教學與輔助練習。

💖💖注意：1級TriYoga師資認證需
要有基礎師資的資格才能進行認證💖💖

💖這次11天55小時的學習，會以水、火系列為主

●每天
課程會包含體式流動，會在流動中及流動後會學習體式的准線，每個體式如何安全的進入離開；包含部分體式的手
輔助方法；包含教學中的語言表達；包含如何使用教學課本以及模擬教學。

💖我會學到什麼呢？

教學內
容根據美國TriYoga教師培訓手冊制定，每位參加學習者會獲得全球統一教材。全程培訓結束後，通過認證
的學習者會獲得TriYoga美國總部頒發的，由創始人Yogini Kaliji親自簽署的全球通用教師
資格證書。

💖我能參加嗎？

TriYoga 永遠向任何人開放-----因為瑜伽適合每一個人!

無瑜伽習練基礎的人，可以從循序漸進的課程安排中，掌握一套安全有效的瑜伽習練方法及豐富全面的瑜伽知識。


任何程度其他瑜伽學習背景的人，都會更有效地體會到TriYoga三位一體流動的特色，尤其在氣息能量
層面更好的提升。

瑜伽愛好者，通過系統的學習，可以令自我練習更加安全和科學，並具備可以教學的能力。


在職瑜伽老師，會從TriYoga的規範和系統化知識中令自己現有的教學大幅提升，並掌握TriYog
a這個獨特的瑜伽體系教學方法。


💖我會獲得認證嗎？

所有完成課程的人，根據不同的被認證程度，
都將會獲得由美國TriYoga總部製作，Yogini Kaliji親自簽署的不同進度的國際教師資格證
書，這是TriYoga 教師在世界範內得到認可的標準，也是教授TriYoga課程及日後繼續進修課程的
有力證明。

#三瑜伽 #TriYoga #瑜伽 #禪 #靜心 #能量 #冥想 #運動 #一級師資培
訓",健身,,"胡黛芬TriYoga
台東瑜伽中心","高中(15歲~18歲), 
大學(18歲~22歲), 
壯年(24-39歲), 
中年(40-64歲), 
老年(65歲以上)","大學(18歲~22歲),
壯年(24-39歲)"
168031707954353,"Kinetic Co
ntrol - Cl
inical Pra
ctice Work
shop","Kinetic Control - Clinical Practice Workshop
【Opti
mizing Movement Teaching Skill for Neck and Should
er 頸肩動作指導技巧精進班】


【課程介紹 COURSE INTRODUCTION】
 利用 K
inetic Control 的臨床邏輯推導，輔以動作測試，可以讓治療師們獲得精準 的動作診斷，並針
對該動作診斷，設計出用來改善疼痛，或是預防未來動作傷害的再 訓練處方。

治療師可否在 3-8 次的
機會中，精準快速的教會個案測試動作，是給予正確評分 (✔️✔️,✔️✖️,✖️✖️)一項重要的決定因
素。而進入再訓練(retraining)環節時，治療師是否可 給予更多層次的意象口令或手勢引導，讓個
案確實對訓練動作有感，進而增加自我練 習意願，也是一個訓練效果是否能如治療師預期展現的關鍵。

本次
讀書會將延伸 Kinetic Control 課程中，Observe-Choose-Teaching
-Test-Rating-Relate-Rehab 之 Teaching 到 Rehab 的環節，針
對「教導個案測試動作」一直到「教導 個案再訓練動作」，練習活用各式教學技巧，包含:「給予 test」
與「給予 retraining 之口令如何區分、更細緻的分析意象口令的不同組成元素、給予口令的不同口
條能引 導出不同訓練效果、如何將正向積極的態度融入教學中、如何運用意象口令讓個案更 清楚的知道該哪塊
肌肉收縮、如何運用不同手勢引導出動作、遇到難以回答的個案問 題時應該如何分析....等，針對治療師實
際執行動作測試與訓練上，可能遇到的困難， 做更深入的實作與探討，以達到「用得出來、測得自信、教得到位
」之目標。


【課程重點 PROGRAMME OUTLINE】
▪️Neck & Shoulder
 之測試與再訓練動作複習
▪️探討 Neck & Shoulder 測試與再訓練動作較難教學之常見問
題
▪️Neck & Shoulder 之測試與再訓練動作意象口令探討
▪️Neck & Shoul
der 之測試與再訓練動作手勢引導探討
▪️開放互動式問題討論


【上課時間】
2020年2月29
日(星期六) 9點00分至12點00分(8:45–9:00報到)

【上課地點】
康卓健康 OPTi
mal COntrol Wellness Center 
地址:新北市永和區中和路499號2樓之3 

(捷運永安市場站正對面，詳見附件交通資訊)

【招生對象與名額】
🟥需符合 1.或 2.
🔲1
. 完成 Modular Course: Coordination Efficiency- Neck
 & shoulder 和 Muscle
Synergies - Neck & shoulder
?
?2. 完成 The Movement Solution 1 (2020/2 完成 TMS1-par
t1 者也可)

◼️上限人數20人。(15人開班) 


【課程費用】
課程費用三小時共 NT.1
800元。


【報名方式】
◼️網路報名，收到電子郵件繳費通知後，請於3個工作天內繳款，才算完成報
名手續。
▪️報名系統開放時間: 2020年2月14日晚上9點30分開始，開放至額滿為止。
🔺線上
報名網址:  https://forms.gle/WNVSVaZtSVxtVNwZA

◼️報名表需
填寫資料:中文姓名、Email、聯絡電話、醫學專業背景(物理治療師/ 醫師)、任職單位、曾參加過的 
Kinetic Control 課程。
◼️注意事項:資格不符、未如實填寫曾參加過之 Kinetic
 Control 課程、報名資料 明顯缺漏(例如地址只填寫郵遞區號)等，將取消此次報名資格。重複報名
取時 間後者為報名序位。
◼️主辦單位將於2月20日前以電子郵件發出繳費通知，收到通知請於三個工作日
內 使用匯款/轉帳方式完成繳費(三日內未繳費，視同放棄，不另行通知)。
◼️錄取順位
▪️依照報名順
序錄取。
▪️正取20位，候補5位。主辦單位核對相關資料後，將盡速以電子郵件通知正取及候補者。若因聯
絡資料填寫錯誤致無法連繫，將讓出名額。
▪️未完成報名手續或後續取消者，由候補名單依序遞補。
▪️若
正取學員無法參加課程，為公平起見，一律由主辦單位之候補名單遞補，不得私自遞補。
◼️若有正取學員放棄
資格，將以電子郵件通知候補學員，若候補學員無回覆視同放棄候補資格。

🟥其餘注意事項請詳閱課程及報
名簡章: https://drive.google.com/file/d/0B0abWFdCSd6C
YjRFV18ydDhhcGxuMnlnWl93Wlh4cjdORjNN/view?usp=driv
esdk

若有疑問請洽：optcontrol.tw@gmail.com",健康保健,"康卓健康 OPTim
al COntrol
 Wellness 
Center","康卓健康 OPTim
al COntrol
 Wellness 
Center","壯年(24-39歲), 
中年(40-64歲)","壯年(24-39歲), 
中年(40-64歲), 
老年(65歲以上)"
168053361127997,"阿德勒取向生活興趣探
索卡的運用","尋．嘗日 建置了完整的理論與實務體系
包括個別諮商、親師諮詢、團體與課程運作
超過200場以上的工作
坊、課程
在各級學校與職涯服務場域獲得好評
讓您提升生涯諮商與諮詢實力
更認識如何協助當事人 
●「
目標導向」的阿德勒心理學生涯觀
●「適應力導向」的生涯建構論
●「優勢評估導向」的生活興趣探索卡


你還沒有機會完整學習過嗎？
你聽過研習還想認識更多嗎？
透過完整的三階課程
循序漸進地帶給您完整的認
識與實務研討
❤️千萬不要錯過這次的專訓課程❤️

-----
👍主題：阿德勒取向生活興趣探索卡的
運用 

👍課程架構：

阿德勒心理學與生涯建構論概念
尋嘗日研發構念、基本操作程序

生活興趣類
型解釋演練
心理測驗配搭解釋
個諮、親子諮詢技巧演練

小團體與課程帶領
案例研討與督導 
 
👍
報名連結：
https://forms.gle/Mey3nVeexSrvjA6y8
 
👍重要備註
：
1、同階課程考量課程設計連貫性與學習完整度，不可單堂報名。
2、欲參加進階課程，需符合以下任一資
格。
（1）本梯初中階完訓
（2）各級學校辦理的尋嘗日研習
（3）尋嘗日自辦專業研習
 
👍講師介
紹：林上能 諮商心理師

點亮心燈心理諮商中心諮商心理師
臺灣阿德勒心理學會常務理事兼副理事長
中華
民國諮商心理師公會全國聯合會副秘書長
臺北市諮商心理師公會理事
各級學校及機關單位講師、諮商／諮詢督
導

國家高考諮商心理師
美國生涯發展學會認證：
生涯發展諮詢師（CDA）、生涯發展教練（CDI）

北美及臺灣阿德勒心理學會認證：
親師諮詢師、講師及督導
生涯教練、婚姻伴侶諮詢師
臺灣輔導與諮商學會
認證：
學校輔導、諮商心理專業督導
中等教師輔導科、生涯規劃科教師證","人際交流、僅限 18
 歲以上用戶參加",,點亮心燈諮商中心,"大學(18歲~22歲), 
壯年(24-39歲), 
中年(40-64歲), 
老年(65歲以上)","大學(18歲~22歲), 
壯年(24-39歲), 
中年(40-64歲)"
1683004015163481,"20200122_新
年最新開幕打卡點 #
固定星期三騎車旅遊","http://www.facebook.com/events/1683004015163481/
2
0200122_新年最新開幕打卡點 #固定星期三騎車旅遊
09:30 鴻寶北新店 集合   10:0
0 出發 10:30 三峽集合再出發
11:30 用餐 最新開幕的打卡點
17:00 回到 新店 詳
情請洽 林店長 粉絲專頁
",人際交流,林店長 粉絲專頁,新慧峰國際有限公司,"幼兒園(0歲~5歲), 小學(6歲~11歲), 中學(12歲~14歲), 高中(15歲~18歲), 大學(18歲~22歲), 壯年(24-39歲), 中年(40-64歲), 老年(65歲以上)","中學(12歲~14歲),
高中(15歲~18歲), 
大學(18歲~22歲), 
壯年(24-39歲), 
中年(40-64歲), 
老年(65歲以上)"
168407671087263,"搭火車輕鬆小旅行-生
活教育體驗","你知道火車和高鐵/捷運/輕軌軌距不一樣嗎？
什麼是寬軌、窄軌、標準軌呢？
五分車又為什麼叫做五分車呢
？
臺灣還有什麼車靠左邊走呢？
貨物列車上的注音符號有什麼特殊意義呢？
一起來輕鬆認識鐵道文化吧！


費用:每人299元   *3歲以下100元*

費用包含:
1.火車票(新左營到高雄站)
2.專業
導覽解說員
3.彈珠汽水1瓶
4.保險200萬意外20萬醫療.

費用不包含:
1.午餐
2.個人從
出發地到新左營台鐵火車站的運輸費",其他,,"臺鐵新左營車站 Tr
a Xinzuoyi
ng Station","幼兒園(0歲~5歲), 小學(6歲~11歲), 中學(12歲~14歲), 高中(15歲~18歲), 大學(18歲~22歲), 壯年(24-39歲), 中年(40-64歲), 老年(65歲以上)","幼兒園(0歲~5歲), 小學(6歲~11歲), 中學(12歲~14歲), 高中(15歲~18歲), 大學(18歲~22歲), 壯年(24-39歲), 中年(40-64歲), 老年(65歲以上)"
168596961232328,"Shy Hulud'
s Magic Mu
sic Room D
ance Party
 魔法音樂室舞蹈趴","(中文在底下）Oomph is excited to present a genre-bending
 evening filled with music, dance, and creative ex
pression - in collaboration with up-and-coming bea
ts magician Shy Hulud. Shy Hulud’s Magic Music Roo
m is an invitation to release yourself from expect
ations and connect with your inner child through t
he elements of dance, dress, and play. Join us to 
boogie, relax, exchange, whilst indulging your eye
s and ears with sweet beats and visuals.

--------
-------------
 
📝 Event Details 📝

🙉 Entry 
300
ntd at the door w/ 1 drink 
(choice of delicious S
angria or refreshing Beer)

👯‍♀️ Event Time 
7PM 
- 10:30PM 
 
🎧 DJs 
- DJ Coffee 
- Shy Hulud
- Co
rals 珊珊
- DJ Lasagña
 
🔥 Artist Bios
Check event 
discussion for bios and photos! 
 
---------------
--------

🌈⚡Party Time 🌈⚡

🎭 Dress creatively ?
?‍♂️
Have an amazing outfit you’ve always wanted t
o wear but haven’t found the opportunity for it? P
ut it on or bring it to change into! Whether it’s 
your long-time favorite party clothes or a new per
sona you want to try, rock it proudly in celebrati
on of individuality and let your creativity bloom.

 
👨‍🎨 We are all a canvas 🎨
There will be body
 crayons, props, and body decor available (for fre
e, to borrow, or a small fee) if you wish to adorn
 yourself but lack the materials at home!
 
🎩 Clo
thing or Item swap 🧣
A party is always more fun w
ith a dash of spontaneity! You are encouraged to w
ear at least one article of clothing or accessory 
to exchange for something new and different (great
 ice breaker!). 
 
*This is a safe and inclusive s
pace so we ask that you check your judgments, doub
ts, and reservations at the door to encourage expr
ession, connection, and enjoyment*

--------------
----------

👇Important to Note👇
Oomph and the sa
lon is currently undergoing some changes and navig
ating tension and issues with our neighbors. We as
k that our friends, old and new, assist us during 
this process by trying to keep our event indoors a
s much as possible. This means - guests reduce soc
ializing outside, instead coming inside, in the sa
lon, or in the lounge, and gallery. Going to the p
ark to smoke and not in front of the venue and nei
ghbors doors, nor the sidewalk directly in front o
f the salon and neighbor’s doors. People start acc
umulating outside and this upsets our neighbors as
 they are elderly and conservative, therefore wary
 of young and alternative energy. Unfortunately, a
ny further issues with our neighbors could result 
in severe consequences for us, so we ask for your 
help in support of Oomph and the local art scene b
y adhering to these new rules! Thank you so much ♥
 

💃 🕺💃 🕺💃 🕺💃 🕺💃 🕺

Oomph很高興能與音樂魔術師Shy H
ulud合作，舉辦一場充滿音樂，舞蹈和創意表達的流派彎曲之夜。 Shy Hulud的魔術音樂室邀請您
擺脫期望，並通過舞蹈，扮裝和遊戲元素與內在的孩子保持聯繫。陪我們一起擺動身體，放鬆，交流，同時用甜美
的節拍和視覺效果沉迷您的眼睛和耳朵。
 
------------------------

📝 
活動詳情 📝

🙉 入場
300元（含1杯飲料 - 桑格利亞汽酒或啤酒）

👯‍♀️ 活動時間

7PM-10:30 PM
 
🎧 DJs
DJ Coffee
Corals 珊珊
Shy Hul
ud
…更多即將宣布，敬請期待
 
🔥 藝術家簡介
查看活動討論中的個人簡介和照片！
 
----
--------------------

🌈⚡ 活動元素 🌈⚡

🎭 富有創意的著裝 🧜‍
♂️
你是否有一套一直想穿但一直沒有找到機會的驚人服裝？把它穿上或是把它帶來在現場更換！無論是你長期
以來最喜愛的派對服裝，還是想嘗試的新角色，都可以自豪地晃動它以慶祝你獨特的個性，並激發你的創造力。

 
👨‍🎨 我們都是空白的畫布 🎨
如果你想裝飾自己但在家中缺少材料，不用擔心 - 我們將提供
可塗在皮膚上的蠟筆，道具，以及別的打扮的方式（免費，借用，或小小費用的選擇都有喔）！
 
🎩 服裝
或物品交換 🧣
一點自發性的元素總是使聚會更有趣！我們建議你至少穿一件衣服或配件，排隊當晚找人互相
交換，帶回家新的寶貝（還可以用這個方式交新朋友！）。
 
*這是一個安全而包容的空間，因此我們請你在
入場之前放下自己的判斷，疑問，和保留意見，以鼓勵表達，與人交流和享受。

-------------
-----------

👇 請注意意 👇
Oomph和行者最近有發生一些變化，並在與鄰居的緊張
關係和問題中發展。我們要求新老朋友在此過程通過之前盡量將活動保持在室內，會是個大大的幫助。意思也就是
 - 參加活動的朋友們請減少在門口外面交流的時間，請盡量在沙龍，咖啡廳，或展場中交流聊天。麻煩前往公
園或是馬路對面吸煙，不要在我們店外或鄰居的門前和人行道吸煙。夜越深，人們開始在外面積聚，這使我們的鄰
居感到不安，因為他們年老又保守，因此對年輕的替代能源保持警惕。不幸的是，我們跟鄰居的關係繼續惡化，可
能對我們以後有嚴重的後果。因此，我們堅持這些新規則，請大家為Oomph和當地藝術界提供支持！非常感謝
♥",舞蹈,,（ ）藝文沙龍,"壯年(24-39歲), 
中年(40-64歲), 
老年(65歲以上)","高中(15歲~18歲), 
大學(18歲~22歲), 
壯年(24-39歲)"
168782877787914,"出版人小聚2020 
#2月場——陳夏民（
逗點文創）","★ 不囉唆直接GO→https://reurl.cc/72azbk

🐍【出版人小聚】是出版魯蛇團
隊期望透過每個月固定舉行的活動，邀集舉凡在「出版」這個產業結構鏈底下工作的朋友，願意與我們分享工作的
甘苦談，與現場朋友們做更多的互動、經驗交流。

--------------------------
----------

【分享者介紹】陳夏民

身為一個內容提供者，以創意飛踢世界最後踢到鐵板而痛哭
，是很正常的事。但哭過之後，這些傷痕成為了勳章，還是化作你不願提起卻隱約疼痛的病灶？飛踢失敗界的佼佼
者、獨立出版人陳夏民將與你分享，他如何在內容產業消耗殆盡，而後花費一整年療傷、思考，終於點燃內心死灰
、再次站穩腳步的驚險歷程。一場可能又哭又笑，最後豁然開朗的人生整理分享會，開放給快要放棄或是覺得志業
令人疲憊的你。

\\\ 活動流程 ///
19:30-20:00 小聚活動
20:00-21:00
 本月分享者：逗點文創結社 Sharky Chen (陳夏民)
21:00-21:20 Q & A

21:20-??:?? 自由交流時間
＊活動流程若有異動，將於FB活動頁公告。

---------
---------------------------

\\\ 注意事項 ///
1. 活動期間嚴
禁錄音、錄影。
2. 「故事」可以帶走，「秘密」請留在現場XD",人際交流、書籍,,"C.C.Work 兆
基商務中心","壯年(24-39歲), 
中年(40-64歲), 
老年(65歲以上)","壯年(24-39歲), 
中年(40-64歲), 
老年(65歲以上)"
168885061077493,2月份揹巾輔導課程,"https://docs.google.com/forms/d/e/1FAIpQLSd7rx7xlO
2E3dNNgHVOvYqvmNBt5Udhy8Ho8mTkQcGjLGq0yg/viewform",其他,愛游泳嬰兒spa,愛游泳嬰兒spa,幼兒園(0歲~5歲),幼兒園(0歲~5歲)
169383917682843,"棧貳庫懸日 上傳抽文
化遊艇船票","棧貳庫懸日🌅夕陽餘暉映照港濱
漫步高港雄碼頭　共賞懸日美景
高雄港最美落日　紅太陽新地標
歡迎到棧
貳庫 PAO PAO FUN 拍攝夕陽落日美景

 ▌上傳「#棧貳庫懸日」　抽文化遊艇「大港巡航」船
票
捕捉最美的棧貳庫夕陽照片，標記「棧貳庫懸日」拍照打卡，
即可至棧貳庫1F服務台兌換IG列印券乙張
。（每帳號每日限兌換乙次，限量300張，贈完為止）
還有機會獲得文化遊艇「#大港巡航」船票乙張，從海
上拍攝懸日美景。
（由Instagram上傳照片抽選並另行通知，價值300元，限量30張）
棧貳庫懸
日：https://reurl.cc/M7pYX3",藝術,,棧貳庫KW2,"幼兒園(0歲~5歲), 小學(6歲~11歲), 中學(12歲~14歲), 高中(15歲~18歲), 大學(18歲~22歲), 壯年(24-39歲), 中年(40-64歲), 老年(65歲以上)","幼兒園(0歲~5歲), 小學(6歲~11歲), 中學(12歲~14歲), 高中(15歲~18歲), 大學(18歲~22歲), 壯年(24-39歲), 中年(40-64歲), 老年(65歲以上)"
169602010977664,"泰維老師Robot課
程—Koospark
二月特別課程","Koospark二月特別課程—泰維老師Robot課程🤖️

究竟是人改裝了機械的關節？
還是根本就
是機器人移植了人的大腦和想法？
明明看似很常見的動作，為什麼他做起來就有一種很不像人的違和感？

從
機械化的狀態認識，逐步增加程式碼，這堂課我要來分享身體使用方式和玩法

＿＿＿＿＿＿＿＿＿＿＿＿


📖課程內容重點：
1、dimestop
2、pose切換的timing
3、重心擺放認識
4、強烈
停止感的創造

＿＿＿＿＿＿＿＿＿＿＿＿

📅課程日期：2/23（日）14:00-15:30

?
?地點：Koospark Dance Studio

👤人數上限：15人

💰上課費用：Vip 
300$、非Vip 500$
 -
#koospark #Robot #Robotdance #Po
pping#taiwanDancer #kaohsiung #kaohsiungdancer #da
nce #music #高雄街舞 #高雄dancer
#streetdance #koosparkd
ancer #freestyle #音樂 #律動 #跳舞就來koospark 
#建國二路36號7樓





",,,"Koospark D
ance Studi
o","高中(15歲~18歲), 
大學(18歲~22歲),","高中(15歲~18歲), 
大學(18歲~22歲), 
壯年(24-39歲)"
169727551014307,挑燈葉戰 - 林大慶,"來自縱谷鹿野山下的草原村落
帶著吉他在田園、森林與海岸間穿梭。

有時在多良的海岸、有時在池上大陂池
畔
最近常駐足洄瀾的海灣，伴著吉他跟手鼓
彈出的旋律和唱出的歌曲
就如同他混血的身份那般，沉穩而富有
層次。

有時候，他唱的不是歌，我們彷彿聽到的是，人生。

不收門票免費入場，場內另有販售酒水零食",音樂,"The Leaf I
nn 葉宿文旅","The Leaf I
nn 葉宿文旅","幼兒園(0歲~5歲), 小學(6歲~11歲), 中學(12歲~14歲), 高中(15歲~18歲), 大學(18歲~22歲), 壯年(24-39歲), 中年(40-64歲), 老年(65歲以上)","幼兒園(0歲~5歲), 小學(6歲~11歲), 中學(12歲~14歲), 高中(15歲~18歲), 大學(18歲~22歲), 壯年(24-39歲), 中年(40-64歲), 老年(65歲以上)"
169730724335247,快樂騎團騎-陽金公路,"過年期間吃太多好料了
是不是該運動一下了？

2/2來快樂騎團騎陽金公路
優惠價：200/次
想來的
車友，快喊➕1喔

#快樂騎陽金公路
從7-11便利商店 金山金祥門市出發到小油坑, 時間約50-8
0分鐘, 這是一段金山非常熱門的單車路線喔~ 一路緩坡, 非常適合練耐力, 加碼可以到二子坪遊客中心
或助航站, 您也可以自選合適路線, 新手可以試試風景漂亮的七星潭到太魯閣大橋, 大家一起團練更有趣~


維持您的強度跟體能, 保持經常性運動, 快加入我們, 參加的車友還請提早入場準備

距離:22.
6公里 爬升:1067公尺

預約電話: 03-3552259
官方line: @happyride

車友怎麼來&附近停車資訊:
https://bit.ly/2IALAUZ
快樂騎位置:
https
://goo.gl/maps/m2VqD51V84AEcUbb8



",健身,快樂騎,快樂騎,"大學(18歲~22歲), 
壯年(24-39歲),","大學(18歲~22歲), 
壯年(24-39歲),"
169781097802480,動手玩創意牆掛鐘,"課程時間：3小時
課程費用：1200元（含材料費、講師費、場地設備使用費）
課程內容：設計、發想、手
電動工具、機器安全講解與操作實務
課程優惠：
2⃣️人同行95折優惠
",手工藝,,百木學堂-百木工匠坊,"大學(18歲~22歲), 
壯年(24-39歲),","高中(15歲~18歲), 
大學(18歲~22歲), 
壯年(24-39歲)"
169850307662506,"將順延至三月中旬！＿
正能量部隊/蘇庭毅4
重奏Fusion P
roject Ban
d","20:30
正能量部隊

Brighters正能量部隊，2019年6月成軍。著眼於這個世界需要更多的
正能量，而英文團名承自部隊位於台北的基地Bright House。我們是由四個二十幾歲時在不同國家學
習音樂，先後回到台灣投入職業樂手、DJ、製作等工作，在三十歲這年決定為了自己喜歡的音樂風格再拼一次而
組成的樂團。我們揉合了在不同國家學習到的、在各自領域經歷到的想法及細節，企圖創造出屬於台灣的獨樹一格
。

Vocal: BanQ
Guitar: Hank
Bass: Kai
Drums: East



音樂作品：
https://streetvoice.com/brighters2019/song
s/600764/




21:30
蘇庭毅4重奏Fusion Project Band

推廣多
元的融合樂為主軸，以Bass手山羊號召，尋找不同音樂家來創造激盪出火花，展現多元的包容性，將原本Fo
ur Motion的概念延伸，模式以Fusion,Smooth Jazz,Funk，Progress
ive，為音樂主軸，呈現出本樂隊的色彩。

Bs:蘇庭毅
Dr:Andy Y. Chen
Gt:王義
中
Keys:詹宗霖



演出日期及時間：2020.2.27(四)
演出地點：公館河岸留言（台電大
樓旁）
演出者：正能量部隊/蘇庭毅4重奏Fusion Project Band
票價：350
",音樂,,公館河岸留言,"高中(15歲~18歲), 
大學(18歲~22歲), 
壯年(24-39歲), 
中年(40-64歲), 
老年(65歲以上)","幼兒園(0歲~5歲), 小學(6歲~11歲), 中學(12歲~14歲), 高中(15歲~18歲), 大學(18歲~22歲), 壯年(24-39歲), 中年(40-64歲), 老年(65歲以上)"
169869101101608,"02.29 音樂演出
訊息 @後站咖啡館","02.29 音樂演出訊息

後站咖啡館（百陽行服飾店）☕️
🔜2／29（六）14：00-16：00


因場地主要為室外座位 #遇雨則取消

｜場地資訊｜

台北市重慶北路一段31號1樓
02 255
6 9256
10:00-19:00（週日公休）

《後站咖啡館。與服飾批發共存的精品咖啡｜華陰街商
圈轉角下午茶》
https://margaret.tw/taipei-rearstationcafe
/

",音樂、適合兒童參與,,後站咖啡館,"幼兒園(0歲~5歲), 小學(6歲~11歲), 中學(12歲~14歲), 高中(15歲~18歲), 大學(18歲~22歲), 壯年(24-39歲), 中年(40-64歲), 老年(65歲以上)","幼兒園(0歲~5歲), 小學(6歲~11歲), 中學(12歲~14歲), 高中(15歲~18歲), 大學(18歲~22歲), 壯年(24-39歲), 中年(40-64歲), 老年(65歲以上)"
169992114268623,"法鼓傳燈法會 202
0/2/1 19:0
0～21:00","2020/2/1 (六) 為法鼓傳燈日, 當天晚上 7:00 ~ 9:00 在各分支道場均有傳燈法會
, 參與傳燈法會除了緬懷 師父的教澤之外, 更重要的是發起願心，將佛法傳承下去，讓佛法明燈永遠不斷,
 此次北五轄區(桃園, 中壢, 新竹) 統一回到齋明寺參加, 敬邀菩薩們一同前往！",宗教信仰,法鼓山新竹精舍,法鼓山齋明寺,"壯年(24-39歲), 
中年(40-64歲), 
老年(65歲以上)","中年(40-64歲), 
老年(65歲以上)"
170138480967351,"第一屆 乘風盃少年足
球賽","**乘風足球場公告**
將舉辦⚽️⚽️第一屆 乘風盃少年足球賽⚽️⚽️ 響應足球運動人口倍增計畫，增
加足球親子互動，提昇足球風氣並培養正當娛樂。

歡迎各學校.俱樂部.自組隊伍一同報名參與(如報名隊伍
超過將採用抽籤)!!
🌟🌟🌟名額有限🌟🌟🌟新竹縣市隊伍優先

簡章與報名方式請點連結🔗
進入看!! https://docs.google.com/file/d/100SDRPb3Fe6n
D3MdgV_NeJ9W_FLk9j5e/edit?usp=docslist_api&filetyp
e=msword",體育,,乘風足球,"幼兒園(0歲~5歲), 小學(6歲~11歲), 中學(12歲~14歲), 高中(15歲~18歲), 大學(18歲~22歲), 壯年(24-39歲), 中年(40-64歲), 老年(65歲以上)","中學(12歲~14歲),
高中(15歲~18歲), 
大學(18歲~22歲), 
壯年(24-39歲)"
170257047639164,"2/29 國/高中 
專項選手限定 - 身
體能力檢測與評估","我們將在 PEAK FORCE 台北基地，提供國高中專項選手，身體能力的檢測與評估服務。

除此之外
，還會針對您的專項，進行體能訓練的相關知識分享，歡迎帶著訓練時的大小問題，前來與教練團隊交流：）屆時
，將有美籍與台籍的高階運動表現教練，一同為您檢測與解惑。

✅身體能力的檢測與評估
✅體能訓練相關知
識分享
✅訓練實務上的問題交流

如此難得的機會，還在猶豫什麼！快來報名吧！
 ➡️ https:/
/gee.by/8s8y1

時間： 2/29 (六) 10:00-12:00
地點：台北訓練站 (
新北市新莊運動中心3樓)",體育,,PEAK FORCE,"中學(12歲~14歲), 
高中(15歲~18歲),","中學(12歲~14歲), 
高中(15歲~18歲),"
170291854253081,"食物花藝設計 [2]
 自由選修班","純植物藝術甜食學院，使用自家特製的低油糖豆沙、天然蔬果色粉調色
　
對純植物花藝有興趣的甜點師，是個
很入門的練習唷！
　
｜花藝選修｜
#初階 - 小球菊花、松果、小木棉、瑪格莉特、康乃馨、向日葵、洋
甘菊、繡球花
#進階 - 山茶花、百合花、白梅花、鬱金香、牡丹花、罌粟花、羊耳葉
　
｜學習費用｜

2 種自選花樣 1600元/人/時
4 種自選花樣 & 裝飾設計 3800元/人/2小時 
** 費
用已含所有上課用具與食材
　
加選花 500元/種
加時練習 500元/30分鐘
加購純植物瑪芬糕體
 80元/枚
　
｜課程地點｜
台中教室：台中市西區模範街40巷12號
台南教室：台南市北區開南街2
75巷10弄13號1F
　
｜小叮嚀｜
① 另有 花藝甜點師 [30] 初級甜點師證照班
② 每式花
樣完修可得「純植物甜點師」#食習時數：2
　
｜線上報名｜https://afovadjanna.w
ixsite.com/wtfvegankitchen
報名前請私訊確認上課時段
　
　
//
:: 
純植甜點師 各級證書申請辦法 ::
A. Beginner 純植物甜點師：累計30個食習時數，且通過
一次實作考試者，可申請純植物甜點師 Beginner 證書。
B. Advancer 純植物甜點師：
累計30個食習時數的 Beginner 純植物甜點師，且通過一次實作考試者，可申請純植物甜點師 Ad
vancer 證書。
C. Master 純植物甜點師：累計50個食習時數的 Advancer 純植
物甜點師，且通過兩次實作考試者，可申請純植物甜點師 Master 證書，並且另可申請自行開班授課資格
。",藝術,,娜野 Nä Yě,"壯年(24-39歲), 
中年(40-64歲), 
老年(65歲以上)","大學(18歲~22歲),
壯年(24-39歲), 
中年(40-64歲), 
老年(65歲以上)"
170551717620982,"全台巡演《咱的鐵支路
》中壢場","《咱的鐵支路》為 反西港外環道不當開闢自救會 所製作的第一部專屬於西港，但適用於全台灣的糖業口述歷史
紀錄片現在全台巡迴走透透！！！

""...在這領域努力的人們就像各糖廠一樣散佈各處，而記錄片就像南北
平行預備線把大家串聯起來！"" --- 資深鐵道遺跡踏查者 看橋工房 真情推薦這部 ＃臺灣糖業鐵道紀錄
片。

本部影片耗時一年多，訪問了三十位在地居民、糖鐵員工以及專家學者，閱覽上千筆的文獻資料，以正處
在道路開發危機的西港線為中心，利用口述歷史片段，呈現臺灣糖業與南北平行預備線的今昔人文景象，輔以西港
外環道開闢工程，西港線鐵道清查之紀錄影像，探討文化資產保存與道路開發之間的衝突。

地點：瑯嬛書屋 
(桃園市中壢區榮民路165巷6號)
時間：2/1(六) 14:00-16:00
入場：200元(10
0元可折抵店內消費)
映後：西港堀仔頭村民可布、記錄者之一Ella

＃台南糖鐵 #文資保存 ＃反對
浮濫徵收 ＃護樹",電影,瑯嬛書屋,瑯嬛書屋,"幼兒園(0歲~5歲), 小學(6歲~11歲), 中學(12歲~14歲), 高中(15歲~18歲), 大學(18歲~22歲), 壯年(24-39歲), 中年(40-64歲), 老年(65歲以上)","幼兒園(0歲~5歲), 小學(6歲~11歲), 中學(12歲~14歲), 高中(15歲~18歲), 大學(18歲~22歲), 壯年(24-39歲), 中年(40-64歲), 老年(65歲以上)"
170571810915773,E2区趣味運動會,趣味運動會,體育,,"高科大楠梓校區-教育
推廣中心","幼兒園(0歲~5歲), 小學(6歲~11歲), 中學(12歲~14歲), 高中(15歲~18歲), 大學(18歲~22歲), 壯年(24-39歲), 中年(40-64歲), 老年(65歲以上)","幼兒園(0歲~5歲), 小學(6歲~11歲), 中學(12歲~14歲), 高中(15歲~18歲), 大學(18歲~22歲), 壯年(24-39歲), 中年(40-64歲), 老年(65歲以上)"
170846377549880,"鹿港主委盃青少棒社區
比賽",2020年青少棒鹿港社區比賽,體育,"鹿港紅不讓野球社區棒
球隊",鹿港慢壘球場,"中學(12歲~14歲), 
高中(15歲~18歲),","中學(12歲~14歲), 
高中(15歲~18歲),"
170984090798611,"2020.02.22
 SAT 狼人殺偶像
 【你的預言家 邱鋒
澤】","2020.02.22 SAT 狼人殺偶像 【你的預言家 邱鋒澤】

#狼人殺偶像🐺
#新加坡實力派
歌手
#預言家
#兵變

新加坡實力派歌手邱鋒澤 ⚡️
一頭招牌金髮和不按牌理出牌的作風
在節目中竄
紅 沒人能料到下一秒他又要出什麼招 ！ 
今晚 即將在Muse Kaohsiung 與你過招❣️
你
準備好了嗎！🌹

🎫票     價:  男生600NTD｜女生200NTD
⚠️當晚特殊活動無優
惠活動


📍Muse P.R Group 
公關訂位服務

副店長 Evan 098160721
8
Line:0981607218
公關經理小白 0906827886
LINE:@tgr2894f

公關 戴利 0983951586 
Line:daley0415
公關 雯雯 0970627903

Line:C86122208
公關 小俠 0989683251 
Line :suns9
公關 C
hris 0987361346
Line:blackman1127

🔎FB:MUSE Kaohs
iung  
🔎IG: muse_kaohsiung  
🔎LINE: ＠muse.ks👉🏻

https://line.me/R/ti/p/%40muse.ks

📲訂位專線：0955-08
0-886
📍地址：高雄市苓雅區四維四路10號B1


",派對,,"MUSE Kaohs
iung","大學(18歲~22歲), 
壯年(24-39歲),","高中(15歲~18歲),
大學(18歲~22歲), 
"
171030730884845,"台南社大體驗課程：數
位創作篇","使用數位工作來創作畫出自己的迪士尼＆走路台南，用英文戲說台南故事

體驗課程報名：http://tn
comu.tw/modules/tadnews/index.php?nsn=4023

線上繳費：h
ttps://ccs.tncomu.tw/",藝術,Tainan公民智庫,台南社區大學,"幼兒園(0歲~5歲), 小學(6歲~11歲), 中學(12歲~14歲), 高中(15歲~18歲), 大學(18歲~22歲), 壯年(24-39歲), 中年(40-64歲), 老年(65歲以上)","幼兒園(0歲~5歲), 小學(6歲~11歲), 中學(12歲~14歲), 高中(15歲~18歲), 大學(18歲~22歲), 壯年(24-39歲), 中年(40-64歲), 老年(65歲以上)"
171137327650739,"0215-關子嶺雲萊
咖啡","各位車友，本週六晨騎練車大家一起來

集合：圓點單車0620-0630

路線-圓點-竹子門-大仙寺
-碧雲寺-雲萊山莊",健身,圓點單車館john,圓點單車館john,"大學(18歲~22歲), 
壯年(24-39歲), 
中年(40-64歲),","大學(18歲~22歲), 
壯年(24-39歲), 
中年(40-64歲)"
171544907489402,"109年2月宥菻老師
鉤針課程-雙色口金包
/毛球格子包/韓版菱
格包","109年2月宥菻老師鉤針課程
《#鉤針課程招生》

💖雙色口金包

工具：5號鉤針（自備，可代購）

費用：650元（含材料，學費，場地費）
時間：3小時
線材：現場選色
~~~~~~~~~~~~~~
~~~~~~~~~~~~
💖毛球格子包

工具：5號鉤針（自備，可代購）
費用：800元（含材料，
學費，場地費）
時間：3小時
線材：現場選色
~~~~~~~~~~~~~~~~~~~~~~~~~~

💖韓版菱格包（#需會短針）

工具：5號鉤針（自備，可代購）
費用：1000元（含材料，學費，場地
費）
時間：3小時
線材：米色，淺咖（2選1）
~~~~~~~~~~~~~~~~~~~~~~~~~~

#送個人姓名專屬皮標（需提前一週）
代購鉤針：（台）70元，（日）240元

上課日期：2/9（日
）2/28（五）14:00~17:00
2/11（二）2/20（四）10:00~13:00
師資： 
菻Lin手作

注意事項：
★上課地點：高雄市三民區北平二街8巷30號(後驛站4號出口)
★欲報名請
留言或訊息報名
★報名後會訊息通知是否報名成功及匯款資訊，請收到確認訊息後於3天內匯款，匯款完成後，
再以訊息回覆匯款帳號資料，以利核對。
★若人數不足或遇天災等不可抗力因素，會主動通知改期或全額退費。

★報名完成後，講師會著手準備材料，若要取消課程，請於五日前通知，若超過期限恕不退費，但可領取已準備
好的材料。
★為免影響其他報名學員和課堂運作，除報名學員本人外，謝絕親友陪同。",手工藝、鉤針編織,,樂·手作聚落,"高中(15歲~18歲), 
大學(18歲~22歲), 
壯年(24-39歲), 
中年(40-64歲), 
老年(65歲以上)","高中(15歲~18歲), 
大學(18歲~22歲), 
壯年(24-39歲), 
中年(40-64歲), 
老年(65歲以上)"
1715978571916435,"台南-野風公開練習暨
體驗","非常歡迎現場瞭解
我們提供免費體驗

請遵守現場指導員說明",體育,野風傳統射箭會,郡王里活動中心,"幼兒園(0歲~5歲), 小學(6歲~11歲), 中學(12歲~14歲), 高中(15歲~18歲), 大學(18歲~22歲), 壯年(24-39歲), 中年(40-64歲), 老年(65歲以上)","幼兒園(0歲~5歲), 小學(6歲~11歲), 中學(12歲~14歲), 高中(15歲~18歲), 大學(18歲~22歲), 壯年(24-39歲), 中年(40-64歲), 老年(65歲以上)"
171620474260625,"壽險大師專班－組織發
展演討與演練",壽險大師專班－組織發展演討與演練,其他,"聯众保險經紀人旌旗營
運處","聯众保險經紀人旌旗營
運處","壯年(24-39歲), 
中年(40-64歲), 
老年(65歲以上)","壯年(24-39歲), 
中年(40-64歲), 
老年(65歲以上)"
171823230837236,林穎同學會,"《課程資訊》
◎活動日期：請參照課程大綱，一個月2次，周四晚上7:00~9:00，共2小時
◎上課地
點：理周教育學苑-台北市青島東路7號5樓之1，近捷運善導寺站2號出口
◎上課時數：2
◎費用說明：每
一期單一價500(本課無講義)

《課程內容》
林穎走圖示範>>> https://youtu.be
/6qErSk8ox1M

走圖小天后-林穎，擅長短線當沖、走圖研判，精準掌握K線轉折訊號，現已能穩
穩每日於股市提款2萬元的股票期貨與股票當沖高手。

兩周一次的《林穎同學會》，主題式實戰運用解說，


適合已有技術分析底子，但於上戰場時，卻無法運用自如的投資人
深入淺出、化繁為簡、常會有醍醐灌頂的感
受是同學對老師的評價
股市生存實屬不易，您可以選公司、選產業、選籌碼........甚至選看似漂亮的
線圖，最後...您有賺到嗎?
要不要花個500元給自己一個翻身的機會，選擇「林穎老師」不會錯。

《
課程大綱》
每期皆有2部份內容：1.主題式分享；2.同學提問/講解
◆1/2(第12期)
 主題: 
飆股的長相
      1、飆股有跡可循
      2、課程中會教你飆股大都具備哪些條件？
   
   3、哪幾種技術線型是符合飆股的條件？
      4、如何善用下單軟體輕鬆知道進場時間點！
 
     範例走圖示範
◆1/16(第13期)
主題: 缺口的形成及強弱觀察
      1、什麼是
缺口？
      2、缺口代表的意義？
      3、缺口如何判斷？
      4、不同位置的
缺口後續走勢有什麼不同？
      5、你可以用缺口抓到飆股！

★已額滿★ ◆2/6(第14期)

主題: K線四大元素的意義
      1、透過每天的開盤價，收盤價，最高價，最低價你可以知道主力
企圖心！
      2、多方及空方誰掌握今天的盤勢？
      3、股價對消息的反應程度？
  
    4、趨勢遇到壓力或支撐如何透過k線的研判知強弱？

★已額滿★ ◆3/5(第15期)
主題：
盤後選股的方法
  工欲善其事，必先利其器
     1、盤後如何做功課
     2、簡單利用券商
看盤軟體，打造屬於個人專屬的看盤畫面
     3、輕鬆設計出短線當沖、波段操作專用的看盤介面！


★已額滿★ ◆3/19(第16期)
主題：均線到底要怎麼運用呢?
     1、 均線的用途
   
  2、 扣抵怎麼用看?怎麼用呢?
     3、 善加利用均線的特色來判斷趨勢

◆4/9(第17
期)
主題：趨勢的判斷
    1、 趨勢的頭?趨勢的底?到底怎麼找呢?
    2、 盤整盤如何定
義及確認呢?
    3、 課堂實際操作，上完課就搞懂了!
◆4/23(第18期)
主題：趨勢跟指標
如何搭配運用
    1、懂了趨勢!懂了指標!合起來就不懂了!!
    2、教你何時才需要參考指標
，
    3、有哪幾種指標是一定要學會的
◆5/7(第19期):主題後補
◆5/21(第20期):
主題後補
◆6/4(第21期):主題後補
◆6/18(第22期):主題後補",人際交流,,理周教育學苑,"大學(18歲~22歲), 
壯年(24-39歲), 
中年(40-64歲)","大學(18歲~22歲), 
壯年(24-39歲), 
中年(40-64歲), 
老年(65歲以上)"
171826367402773,"箱根溫泉 Hakon
e Hotsprin
g","原本以為浴池嬉耍的邀約，就是離開套房派對的黑洞，卻怎麼也沒想到只是移動到另座暗室裡，繼續赤身並且狩獵
。一箱男根交戰，腦海中的那個傍晚，他們撞了一輪，他在前面，男人在後面。

完事後他朦朧地聞著，隔壁間
的喘息聲，像個撸著黏滑槍枝的慾火走私販子，試圖回想前夜中那些渙散的氣味，從額間到鼻翼，流至肩胛，他循
著片尾一路蜿蜒迴放，觸碰彼此結痂，互舔澀澀淚痕，傷疤剝裂卻貼拭重來，手療的順序一再出錯。

當鋪的幽
閉地帶，看著游擊場的跨國攻受，胯間的血滴在捷運站的座位裡、以為下車的我，卻把自己給弄惺腥的。




- Pawnshop -
Blue Hour 
Al Burro 
Jacopo


- downb
ar -
Yexiao 
LinGia 
Hypolong



Blue Hour (Blue H
our) Berlin 

他自身的作品充斥 90 年代的精神與能量，執著於昔日跳舞音樂的美好，除了
簡單、深沉與敘事，同時蘊含情緒與旋律；曾有編輯評點他放出的 Techno 在漆黑陰暗面／希望的曙光之
間對話，意圖使人跳舞卻也具有趨於平靜的歌目。

原先在英國俱樂部場景活躍，他後來移居東德拓展版圖，包
括 Steffi、Pangaea 與 Answer Code Request 都曾翻製過他的原創。除
了 Techno 聲響，他也添加 Trance 與 Jungle 等，IDM 元素也摻雜在他聽來毫無
過氣的選曲，彷彿地緣與場景、時光與空間的界限都已模糊。



$400 Before 23:00 /
 $500 After",健身,,Pawnshop,"大學(18歲~22歲), 
壯年(24-39歲), 
中年(40-64歲)","大學(18歲~22歲), 
壯年(24-39歲), 
中年(40-64歲)"
172017694222012,"年後轉職衝一波 Ai
技術工程師 職前訓練
 說明會","招生延長至3月6日
緯育TibaMe 團隊與勞動部勞動力發展署北分署與桃竹苗分署合作，透過堅強的師資
陣容，專業訓練團隊，規劃與市場接軌的訓練課程、實作練習、團隊專案開發，協助你成為更具競爭力的專業人才
！

只要符合以下要求皆可報名

待業中、尚無工作

剛畢業，尚未找到合適工作

期望成為AI工程相
關工作者

完整的課程資訊：https://www.tibame.com/coursegoodjob
/ai-engineer-taoyuan

【參加免費課程說明會】

🏫桃園班

|日期| 即日起
至二月底每週一場次

|時間| 下午14：00~15:30

|地點| 台北商業大學 桃園校區 公能
樓Bb23教室

桃園市平鎮區福龍路一段100號

---> 校區靠近66快速道路，機車入校計次20
元、汽車入校計次40元

預約報名：https://forms.gle/broqgGGtGymVB5
9v5

🏫台北班

|日期| 即日起至1月底每週一場次

|時間| 下午15：00~16:30


|地點|台北商業大學 承曦樓 6樓教室603教室

（100台北市中正區濟南路一段321號）

-
--> 教室大樓靠近善導寺捷運站：青島東路跟紹興南路交叉口

預約報名：https://reurl.
cc/xD4WOL

也可加入line詢問唷!

桃園班ID: @991vcaxd

台北班ID: 
@173tnppq",藝術,,"國立台北商業大學- 
平鎮校區","壯年(24-39歲), 
中年(40-64歲)","大學(18歲~22歲), 
壯年(24-39歲), 
中年(40-64歲)"
1723433381125232,"滅火器《無名英雄》專
輯巡迴",".『向蔓延的漠然怒吼，讓自由的靈魂遍地開花！』在最壞的時代做最美的夢，無名英雄是你、是我 ，是這座島
嶼上為尊嚴努力生活的每一個人。龐克發源地加州誕生－滅火器成軍20週年第五號作品《無名英雄 Stand
 Up Like A Taiwanese》專輯巡演 12/19 18:00 風雲起乘風破浪開賣台灣人
，現在站起來，烏暗中咱繼續行！.",音樂,"滅火器 Fire E
X.","Legacy Tai
chung","幼兒園(0歲~5歲), 小學(6歲~11歲), 中學(12歲~14歲), 高中(15歲~18歲), 大學(18歲~22歲), 壯年(24-39歲), 中年(40-64歲), 老年(65歲以上)","高中(15歲~18歲), 
大學(18歲~22歲), 
壯年(24-39歲)"
172352654005112,"頑石劇團：記得因為愛
三部曲──夜，散落在
愛的臨界","頑石最新力作回來台中囉!
我們將在2月29日（六）於台中歌劇院-小劇場演出兩場
敬請期待
郎亞玲劇場
三三作品回顧展系列：
舞台劇--記得-因為愛Ⅲ部曲──《夜，散落在愛的臨界》
※首推早鳥：即日起到2
月5日前，凡購票，享85折優惠！！！
----------------------
【開場：一位受難
者的獨白】
憂傷像蟒蛇
緩緩
無聲朝向夕陽的彼端
拖著沉重的身軀
爬行
華麗記憶的彩衣
終將蛻下
遺
忘
令你孤獨
迷茫的雙眼
看穿過去、現在到未知
人跡罕至處
無助的靈魂
陪葬闇啞的寂寞
當肉體聲嘶力
竭
愛或不愛並不重要
祭壇上
不 能 獨 留
我的 輓歌 ──節錄自《夜，散落在愛的臨界》
----
------------------------------
【劇情介紹】

 故事從揭開「憂傷」的
原因開始：一名百歲老翁；經歷中日戰爭、國共內戰，偕同妻子搭上「太平輪」來到台灣，準備實現他們的青春夢
想。卻抵不過命運的變局──因莫須有的罪名、而淪為階下囚。
 她的女兒、同時也是故事的主角──亞書，則
在數十年後，試圖回溯這改變她一生的事件。劇中將以她的觀點，談論國家暴力、和歷史創傷下的特殊事件，是如
何不被當事者察覺、從而對他們的人生造成影響。
 本劇承繼希臘悲劇──《伊底帕斯在科羅諾斯》的精神，讓
當事者為所遭遇的不公義發聲、辯解。在歷經前兩部故事的洗鍊後，這一回亞書將不再逃避、而是勇敢的面對過去
，從而領悟到：「愛，從不曾離去……」

【關於這齣劇】
 為頑石劇團的總監／編導──郎亞玲，於201
9年初、獻給百歲父親的一分特殊獻禮。此因她的父親在60年代蒙受「白色恐怖」不白之冤，判刑十年，因而成
為了她成長過程的缺憾。
 從最初的口述歷史、歷經實驗劇「爸爸」的發表，以及連續二年「記得，因為愛」、
「瀰漫的雲」的創作。此回演出為「記得-因為愛」的三部曲，同時也作為系列的最終章。
 它將為過去──台
灣歷史創傷的刻痕，留下見證；也同時為家族史，記下不可抹滅的一筆。

----------------
-------------------
█演出人員
 藝術總監／編導：郎亞玲 
演員：賈孝國、胡修維
、蔡維容、謝孟璇、江柏昇、羅旭辰、古芷諭

█演出時間：
109年2月29日（六） 下午場14：30
～16：30； 晚上場19：30～21：30

■演出地點：台中國家歌劇院小劇場

■兩廳院售票：6
00元自由入座
（早鳥優惠：即日起到2月5日前，凡購票，享85折優惠）
購票網址：https://b
it.ly/2RigVyy
洽詢：04-23102262
信箱：stonetheater@gmail
.com

█主辦與演出單位：頑石劇團
協辦單位：臺中市東亞文化藝術交流協會、有荷文學雜誌、喜菡文學
網、台灣戲劇療癒研究中心
贊助單位：海倫咖啡、海思貝藝術有限公司
","藝術、歷史片、悲劇（
劇場）",,台中國家歌劇院,"高中(15歲~18歲), 
大學(18歲~22歲), 
壯年(24-39歲), 
中年(40-64歲), 
老年(65歲以上)","高中(15歲~18歲), 
大學(18歲~22歲), 
壯年(24-39歲), 
中年(40-64歲), 
老年(65歲以上)"
172421864082116,"全美語料理課-手工牛
肉漢堡","嗜肉者必吃:手工牛肉漢堡
沒吃過手工牛肉漢堡不要說過你吃過漢堡，謝謝!

👨‍🍳料理主廚Cory

-熱愛肉類料理，自開十項全能肉舖
-幽默、爽朗、nice大叔

🍲採用新鮮食材、手工現做、現場享
用
🍲專業外師英語教學，中師協助
🍲透過烹、蒸、煮過程，學習日常會話
🍲具情境式、充滿趣味的教
育性質課程
🍲藉由動手增進記憶力，英文廚藝雙效提升
🍲使用頂級德國歐風烹飪設備，融入異國文化
?
?增加親子互動，穩定小孩身心發展、安心愉悅
🍲完成品可即時享用，搭配免費茶飲唷

🎉優惠享更多

1️⃣統一採私訊預約報名，單堂$799/2hr，8堂優惠價$5400(含食材、教材設備、場地清潔)

2️⃣非限定本人使用(可親友同行，同享優惠)
3️⃣每堂課皆規劃不同主題，可挑選喜愛主題上課，上課時
間彈性自由


 #英語料理教室 #瑞軒國際教育中心","美食、適合兒童參與、
教育政策",,"REINE瑞軒國際教
育中心","幼兒園(0歲~5歲), 小學(6歲~11歲), 中學(12歲~14歲), 高中(15歲~18歲), 大學(18歲~22歲), 壯年(24-39歲), 中年(40-64歲), 老年(65歲以上)","高中(15歲~18歲), 
大學(18歲~22歲), 
壯年(24-39歲), 
中年(40-64歲), 
老年(65歲以上)"
172423417515863,"JinC 快閃店在小
人類市集"," JinC 快閃市集-高雄場
地點：在小人類x小手作市集-大統百貨五福店（捷運中央公園站旁）
日期：
2/22（六）-2/23（日）
時間：pm14:00-21:00

圖為訂製款鍛敲耳環

《小人類市
集文宣》
還記得第一次拿到手作品時的感動嗎 ?
隨著時代與科技的變化 , 人們在購買物品時越來越便利
 , 
輕輕動動手指即可購買到商品 , 在意的可能只剩下價標上的數字 , 
而不是去了解一個物品背後
的故事與本質 , 
漸漸地讓堅持手作的職人無法讓自己的作品心血傳達出去 , 
從而逐漸沒落 , 而這
樣的現象 , 在現代社會日益明顯。

因此 , 我們想要開始做出改變 ,
讓手作職人們的作品能夠被傳
遞出去 ,  
也不再讓堅持手作的攤商們被環境影響而懷疑自己的堅持 ,  
儘管這樣的做法 , 一開
始會比一般的市集還要更難聚集攤商 , 
但我們相信自己的改變 , 能夠慢慢的打造出一個友善的職人環境
。",購物、適合兒童參與,,"大統百貨五福店（捷運
中央公園站）","幼兒園(0歲~5歲), 小學(6歲~11歲), 中學(12歲~14歲), 高中(15歲~18歲), 大學(18歲~22歲), 壯年(24-39歲), 中年(40-64歲), 老年(65歲以上)","幼兒園(0歲~5歲), 小學(6歲~11歲), 中學(12歲~14歲), 高中(15歲~18歲), 大學(18歲~22歲), 壯年(24-39歲), 中年(40-64歲), 老年(65歲以上)"
172479464175298,"約會互動&曖昧營造技
巧","【瑪那熊の練愛先修班】

想了解如何跟異性好好相處嗎?❤️❤️
那你適合👉【 約會互動&曖昧營造技
巧】

🍏內容:
諮商心理師瑪那熊，將運用專業心理學，教你如何判斷對方的個性，彷彿擁有讀心術般瞭解
怎麼互動才不會踩到地雷，並在約會時更能吸引到對方。講座中也將透過專業心理測驗，找到你的個人屬性，看見
自己的優勢與弱項！有人說「曖昧」是最美的時候，但很多人都不知道要怎麼創造曖昧的氛圍，就讓我們一起來學
習吧。
❤️----------❤️----------❤️---------❤️---------
-❤️--------
🎀注意事項:
🎉 活動對象: 未婚單身( 88~65年次 )💋
⚠️ 
參加者必須為身份證配偶欄空白
⏰ 活動時間：02/22(六) 14:00
💰 幸福特惠價：300 
元 ( 原價：1200元）
報名表 : https://forms.gle/D5e5uREsjXy1
Jt9h8
(個人資料皆為安全保密，僅供聯絡使用，請放心填寫。)",人際交流,,愛麗兒幸福工作坊,"大學(18歲~22歲), 
壯年(24-39歲)","大學(18歲~22歲), 
壯年(24-39歲)"
1725950290880169,"｜展演工作坊｜再製獨
立宣言工作坊","在本工作坊中，張紋瑄將會分享「宣言」作為一特殊文體的特性，以及在2014-2015年間協助史明時，對
此革命者、實踐者、書寫者的近身觀察，並帶領參與者以《獨立台灣》、《台灣大眾》作為腳本，拼貼、編輯、再
閱讀、再詮釋出自己的宣言——這篇宣言可能是與藝術相關的、與科技相關的、甚至與表演相關的，但無論如何，
它們絕對是政治的。

講師｜張紋瑄
對象｜15歲以上之一般觀眾，限額15名
地點｜當代館二樓201教
室
辦法｜憑當日門票入場，須事先報名(https://reurl.cc/YlZv70)

*凡符合中
央流行疫情指揮中心規定，須居家隔離、居家檢疫或自主健康管理者，請勿報名！
",藝術,,"台北當代藝術館 MO
CA Taipei","大學(18歲~22歲), 
壯年(24-39歲)","高中(15歲~18歲),
大學(18歲~22歲), 
壯年(24-39歲)"
172695000683917,"每周日16-17點 
MV舞蹈","樂適能： MV舞蹈

青春洋溢的羚育老師
活力滿滿、專業認真

⏰每週日下午16：00～17：00

📍民生一樓教室
台北市松山區民生東路五段137巷4弄37號一樓

🤔喜歡跳舞嗎？
一起來跳舞吧！


樂適能：MV舞蹈
上這堂課的好處
✅促進健康
✅有助燃燒脂肪
✅盡情舞動
✅享受最流行的音樂
✅
隨著音樂快樂跳舞
✅釋放壓力，促進肢體協調

💫首次體驗優惠價$200：
http://line.
me/ti/p/_k7J0-BHhV
⚡️立即訂課：joysport.17fit.com
📍 民生
1樓：台北市松山區民生東路五段137巷4弄37號1樓

☎️ 02-2766-6682

🚆交通方
式：
📍民生1樓教室
🚌最近公車站:廣合新村
🚘最近停車場:民生活動中心

來運動囉！","健身、舞蹈課、健身訓
練",,"Joysport 樂
適能運動與整合式健康
促進：群甫教官和教練
團","高中(15歲~18歲), 
大學(18歲~22歲), 
壯年(24-39歲)","高中(15歲~18歲), 
大學(18歲~22歲), 
壯年(24-39歲)"
172713434034608,"UK Jazz & 
Jazzy Bboy
 workshop 
by Freedom
 Liberator","Freedom Liberator Taipei workshop

融合UK Jazz & Bbo
y 元素，獨特的宇宙觀以不可思議的自創Jazzy Bboy 飛快風格，奪得Japan Dance D
elight 的第三名。

對於 Fusion , Bebop , UK Jazz Dance , 

或是只有腳的Footwork 或是手撐在地上的Footwork，
你都會喜歡。

台北 Jazzy
 Bboy Workshop
2月29日 (六) @ TBC dance center
Class1
 19:30-21:00 Cryber (Bebop & Bboy)
Class2 21:15-22
:45 Rad (Bebop Foundation)

場地清潔費：
1堂 900元
2堂 1600
元
報名表連結：https://forms.gle/sAAtMTdXZ4dZ8wG18

額外說明：

課堂設計是1.5小時*2，
可以單報也可以雙報，
老師都會全程參與。
結束後會預留30分鐘讓大家練
習或是問問題。

要報名的朋友，
1.請直接私訊 田拓 或 TeamSKIP粉絲團
2.或電洽 田拓
 0936687632 (歡迎打來聊天，下課我請喝飲料)
3.不囉唆 填表單 https://for
ms.gle/sAAtMTdXZ4dZ8wG18
4.如果你是Taiwan Dance Deligh
t的參賽者，擁有課費100元的優惠。
5.一堂課上限30人

PS:
UK Jazz Dance 源
自於90年代，
最主要的兩大派別由 I Dance Jazz (簡稱IDJ) 的Fusion
以及B
rother In Jazz (BIJ)所跳的的風格Bebop。
喜歡聽Jazz 或是House相關
的音樂，喜歡footwork。
想進修或是純享受，是真心推薦的好課程。



Freedom Lib
ertor Japan Dance Delight Final 影片：
https://www.yo
utube.com/watch?v=JyR0baXJGZw
www.obsbattle.com",舞蹈,,"TBC舞蹈休閒館 /
 The Best 
Crew","大學(18歲~22歲), 
壯年(24-39歲)","大學(18歲~22歲), 
壯年(24-39歲)"